"lesson_id","title","stage","path","word_count","explanation_grade","visual_grade","status","rationale","planned_visual"
"A09-CAU-01","구조적 인과모형","A09-CAU","part-4-advanced/A09-CAU/A09-CAU-01-structural-causal-models.md","1017","E2","V3","verified","변수 타입과 생성 방향, 실제 parent edge와 sample 효과, joint noise에서 분포 생성, forward 계산 순서, 조작 단위·공유 성분을 서로 다른 그림으로 나누었다.","A09-CAU-01-equations-to-graph; A09-CAU-01-assignment-and-inverse; A09-CAU-01-topological-sample; A09-CAU-01-vector-coordinate-nodes; A09-CAU-01-possible-edge-zero-sample; A09-CAU-01-same-graph-different-effect; A09-CAU-01-joint-noise-output-law; A09-CAU-01-shared-subspace-coordinate"
"A09-CAU-02","do 연산과 intervention","A09-CAU","part-4-advanced/A09-CAU/A09-CAU-02-do-operator-interventions.md","1009","E2","V3","verified","equation 교체, downstream 재실행, 관찰 선택과 background 유지, factor 삭제/support, source·target-dependent patch policy를 독립 장면으로 비교한다.","A09-CAU-02-surgical-edge-removal; A09-CAU-02-downstream-recalculation; A09-CAU-02-truncated-factorization; A09-CAU-02-source-alignment-scale-policy; A09-CAU-02-constant-and-conditional-policy; A09-CAU-02-selected-versus-set-backgrounds; A09-CAU-02-conditional-intervention-outcomes; A09-CAU-02-missing-parent-support; A09-CAU-02-source-mixture-patch-values"
"A09-CAU-03","confounding과 identifiability","A09-CAU","part-4-advanced/A09-CAU/A09-CAU-03-confounding-identifiability.md","1100","E2","V3","verified","세 middle-node 역할, collider 선택, measured/latent backdoor, weighting/support, 같은 관찰 law의 다른 causal equation, direct execution과 unit 조건을 서로 다른 시각 관계로 분리했다.","A09-CAU-03-middle-node-roles; A09-CAU-03-collider-selection-mass; A09-CAU-03-measured-and-latent-backdoor; A09-CAU-03-stratum-weighted-areas; A09-CAU-03-positivity-missing-stratum; A09-CAU-03-same-law-distinct-mechanisms; A09-CAU-03-matched-observation-distinct-intervention; A09-CAU-03-observation-versus-executable-hook; A09-CAU-03-prompt-units-shared-state"
"A09-CAU-04","mediation의 가정","A09-CAU","part-4-advanced/A09-CAU/A09-CAU-04-mediation-assumptions.md","1231","E2","V3","verified","same-unit cross-world source, controlled/natural distinction, conditional/set distinction, mediation matching/assumptions, post-treatment L, neural hybrid, compatible interaction paths/support를 독립 관계로 그렸다.","A09-CAU-04-same-unit-cross-world; A09-CAU-04-controlled-versus-natural-mediator; A09-CAU-04-mediator-selection-versus-setting; A09-CAU-04-mediation-formula-value-routing; A09-CAU-04-treatment-created-confounder; A09-CAU-04-same-base-neural-hybrid; A09-CAU-04-compatible-decomposition-steps; A09-CAU-04-interaction-reference-paths; A09-CAU-04-natural-support-and-hybrid"
"A09-CAU-05","counterfactual과 potential outcome","A09-CAU","part-4-advanced/A09-CAU/A09-CAU-05-counterfactual-potential-outcomes.md","1204","E2","V3","verified","one-unit assignment/time, marginal-versus-pairing, policy versions/interference, abduction posterior 유지, token semantic alignment, signed prompt heterogeneity를 나누었다.","A09-CAU-05-one-unit-one-revealed-world; A09-CAU-05-later-time-different-background; A09-CAU-05-same-marginals-different-pairing; A09-CAU-05-treatment-policy-versions; A09-CAU-05-shared-state-interference; A09-CAU-05-abduction-action-prediction; A09-CAU-05-nonpoint-background-posterior; A09-CAU-05-cancelling-prompt-effects; A09-CAU-05-edited-prompt-semantic-alignment"
"A09-CAU-06","causal abstraction","A09-CAU","part-4-advanced/A09-CAU/A09-CAU-06-causal-abstraction.md","1132","E2","V3","verified","many-to-one decoding, coordinated coordinate changes, commuting paths, discarded-state counterexample and evaluation-support limits are distinct relations; numerical diagrams expose them without claiming empirical model results.","A09-CAU-06-many-states-one-label; A09-CAU-06-decoder-versus-output-rule; A09-CAU-06-commuting-intervention-square; A09-CAU-06-coordinated-components; A09-CAU-06-discarded-coordinate-counterexample; A09-CAU-06-rare-error-large-distance; A09-CAU-06-zero-weight-outside-scope; A09-CAU-06-prompt-operation-heldout-grid; A09-CAU-06-reflection-preserves-perpendicular"
"A09-CAU-07","내부 개입의 외적 타당성","A09-CAU","part-4-advanced/A09-CAU/A09-CAU-07-external-validity-internal-interventions.md","1161","E2","V3","verified","Population proportions, conditional stability, ratio weighting, absent support, estimation error, component alignment and tested claim scopes have separate visual relationships.","A09-CAU-07-matched-contrast-contract; A09-CAU-07-mixture-weighted-effect-areas; A09-CAU-07-same-mean-different-conditional-effects; A09-CAU-07-density-ratio-mass-routing; A09-CAU-07-missing-target-support; A09-CAU-07-large-weight-amplification-and-clipping; A09-CAU-07-context-versus-policy-change; A09-CAU-07-seed-role-heldout-correspondence; A09-CAU-07-separate-transfer-evidence-scopes; A09-CAU-07-subgroup-effect-difference"
"A09-CAU-08","종합 실습: circuit 수준 인과 주장","A09-CAU","part-4-advanced/A09-CAU/A09-CAU-08-capstone-circuit-causal-claims.md","1331","E2","V3","verified","The capstone needs concrete execution contracts, coordinate reconstruction, experimental-unit nesting, path retention and interaction rather than invented experimental results or a copied evidence table.","A09-CAU-08-node-versus-receiver-path-contract; A09-CAU-08-subspace-reconstruction-coordinate; A09-CAU-08-necessity-sufficiency-execution-pairs; A09-CAU-08-prompt-token-paired-unit; A09-CAU-08-selection-final-test-boundary; A09-CAU-08-same-norm-different-direction-control; A09-CAU-08-joint-intervention-interaction-contrast; A09-CAU-08-natural-identity-versus-node-additivity; A09-CAU-08-bounded-final-claim-scope"
"A09-DYN-01","미분방정식과 흐름","A09-DYN","part-4-advanced/A09-DYN/A09-DYN-01-odes-flows.md","1395","E2","V3","verified","압축된 고급 정의의 타입·조건·적용 한계를 풀고 추상 객체의 관계를 시각화할 가치가 있다. 2026-10-06 본문만 E2로 검증했다. 정의·수식·측정의 생략된 연결을 보강했으며 기존 그림 계획은 변경하지 않았다. 그림 단계: state별 velocity·시간 trajectory·고정시간 flow·합성·Euler 접선과 부호·유한시간 경계를 독립 질문으로 나눈다. 제작·정적 검수 완료, 실제 HTML 대기. HTML59그림 양 화면 연결·복합15+normal4·대표20조건·지정8개 tall 교정 확인, 경계 이탈0.","state-velocity; trajectory-time; fixed-time-flow-map; flow-composition; euler-tangent-step; euler-alternating-sign; finite-time-boundary"
"A09-DYN-02","fixed point와 선형 안정성","A09-DYN","part-4-advanced/A09-DYN/A09-DYN-02-fixed-points-linear-stability.md","1417","E2","V3","verified","압축된 고급 정의의 타입·조건·적용 한계를 풀고 추상 객체의 관계를 시각화할 가치가 있다. 2026-10-06 본문만 E2로 검증했다. 정의·수식·측정의 생략된 연결을 보강했으며 기존 그림 계획은 변경하지 않았다. 그림 단계: 멈춤의 두 조건·국소변위 선형화·연속/이산 배율과 complex 안정영역·transient norm·zero derivative의 higher-order 방향을 분리한다. 제작·정적 검수 완료, 실제 HTML 대기. HTML59그림 양 화면 연결·복합15+normal4·대표20조건·지정8개 tall 교정 확인, 경계 이탈0.","fixed-point-checks; cubic-localization; continuous-eigenmodes; discrete-eigenmodes; continuous-stability-region; discrete-stability-region; transient-norm-growth; boundary-cubic-directions"
"A09-DYN-03","phase portrait와 bifurcation","A09-DYN","part-4-advanced/A09-DYN/A09-DYN-03-phase-portrait-bifurcation.md","1467","E2","V3","verified","압축된 고급 정의의 타입·조건·적용 한계를 풀고 추상 객체의 관계를 시각화할 가치가 있다. 2026-10-06 본문만 E2로 검증했다. 정의·수식·측정의 생략된 연결을 보강했으며 기존 그림 계획은 변경하지 않았다. 그림 단계: state 축·time 축·control parameter 축을 혼동하지 않도록 logistic basin, 2D portrait, normal-form branch와 고정 μ phase line, checkpoint 관측을 분리한다. 제작·정적 검수 완료, 실제 HTML 대기. HTML59그림 양 화면 연결·복합15+normal4·대표20조건·지정8개 tall 교정 확인, 경계 이탈0.","logistic-phase-line; two-dimensional-portrait; logistic-basin-trajectories; saddle-node-branches; saddle-node-phase-lines; pitchfork-branches; pitchfork-phase-lines; sparse-checkpoint-observations"
"A09-DYN-04","Markov process","A09-DYN","part-4-advanced/A09-DYN/A09-DYN-04-markov-process.md","1351","E2","V3","verified","압축된 고급 정의의 타입·조건·적용 한계를 풀고 추상 객체의 관계를 시각화할 가치가 있다. 2026-10-06 본문만 E2로 검증했다. 정의·수식·측정의 생략된 연결을 보강했으며 기존 그림 계획은 변경하지 않았다. 그림 단계: 현재 조건부 분포, 행의 출구, 도착 질량 합, stationarity·pair balance·mixing, momentum state 누락을 독립적으로 시각화한다. 제작·정적 검수 완료, 실제 HTML 대기. HTML59그림 양 화면 연결·복합15+normal4·대표20조건·지정8개 tall 교정 확인, 경계 이탈0.","conditioned-next-law; transition-row-graph; incoming-mass-sum; stationary-pair-flux; stationary-directed-cycle; periodic-distribution; momentum-hidden-state"
"A09-DYN-05","Langevin dynamics","A09-DYN","part-4-advanced/A09-DYN/A09-DYN-05-langevin-dynamics.md","1380","E2","V3","verified","압축된 고급 정의의 타입·조건·적용 한계를 풀고 추상 객체의 관계를 시각화할 가치가 있다. 2026-10-06 본문만 E2로 검증했다. 정의·수식·측정의 생략된 연결을 보강했으며 기존 그림 계획은 변경하지 않았다. 그림 단계: energy/drift, one-step 조건분포, temperature의 밀도/상대 weight, 정규화, finite variance bias, 방향별 covariance를 분리한다. 제작·정적 검수 완료, 실제 HTML 대기. HTML59그림 양 화면 연결·복합15+normal4·대표20조건·지정8개 tall 교정 확인, 경계 이탈0.","potential-drift; conditional-noise-law; quadratic-temperature-density; energy-density-ratio; unconfined-window-mass; finite-step-variance-bias; isotropic-anisotropic-covariance"
"A09-DYN-06","확률미분방정식 입문","A09-DYN","part-4-advanced/A09-DYN/A09-DYN-06-stochastic-differential-equations.md","1420","E2","V3","verified","압축된 고급 정의의 타입·조건·적용 한계를 풀고 추상 객체의 관계를 시각화할 가치가 있다. 2026-10-06 본문만 E2로 검증했다. 정의·수식·측정의 생략된 연결을 보강했으며 기존 그림 계획은 변경하지 않았다. 그림 단계: noise mapping·시작점 평가·Brownian 척도와 제곱합·Itô correction·동일경로 coarse/fine sum을 나누어 보여 준다. 제작·정적 검수 완료, 실제 HTML 대기. HTML59그림 양 화면 연결·복합15+normal4·대표20조건·지정8개 tall 교정 확인, 경계 이탈0.","diffusion-line-support; left-point-coefficient; brownian-smooth-scale; quadratic-variation-comparison; finite-square-remainder; ito-second-moment; paired-coarse-fine-increments"
"A09-DYN-07","SGD의 연속시간 근사","A09-DYN","part-4-advanced/A09-DYN/A09-DYN-07-continuous-time-sgd.md","1576","E2","V3","verified","압축된 고급 정의의 타입·조건·적용 한계를 풀고 추상 객체의 관계를 시각화할 가치가 있다. 2026-10-06 본문만 E2로 검증했다. 정의·수식·측정의 생략된 연결을 보강했으며 기존 그림 계획은 변경하지 않았다. 그림 단계: noise 부호·mean 연산 순서·step/time covariance·SDE 국소 matching·batch scale·Euler 안정성·고정 state 반복을 독립 질문으로 분리한다. 제작·정적 검수 완료, 실제 HTML 대기. HTML59그림 양 화면 연결·복합15+normal4·대표20조건·지정8개 tall 교정 확인, 경계 이탈0.","gradient-update-components; step-time-covariance; mean-gradient-nonlinearity; local-covariance-match; learning-rate-batch-scale; euler-multiplier-stability; fixed-versus-pooled-gradients"
"A09-DYN-08","종합 실습: 학습 궤적 분석","A09-DYN","part-4-advanced/A09-DYN/A09-DYN-08-capstone-learning-trajectories.md","1691","E2","V3","verified","압축된 고급 정의의 타입·조건·적용 한계를 풀고 추상 객체의 관계를 시각화할 가치가 있다. 2026-10-06 본문만 E2로 검증했다. 정의·수식·측정의 생략된 연결을 보강했으며 기존 그림 계획은 변경하지 않았다. 그림 단계: time 단위·숨은 state·복원한 one-step·projection covariance·방향별 JVP·dense 관측·shuffle·paired seed 구조를 별개로 확인한다. 제작·정적 검수 완료, 실제 HTML 대기. HTML59그림 양 화면 연결·복합15+normal4·대표20조건·지정8개 tall 교정 확인, 경계 이탈0.","time-coordinate-spacing; hidden-moment-state; restore-one-step-replicates; projected-update-covariance; one-direction-jvp; dense-observed-checkpoints; time-order-shuffle; paired-run-checkpoint-hierarchy"
"A09-GEO-01","manifold와 local coordinate","A09-GEO","part-4-advanced/A09-GEO/A09-GEO-01-manifold-local-coordinate.md","1370","E2","V3","verified","압축된 고급 정의의 타입·조건·적용 한계를 풀고 추상 객체의 관계를 시각화할 가치가 있다. 본문 4개 개념 보강·0개 개념 충분성 확인 완료. 기존 그림과 계획은 유지하고 이번 작업에서 그림 검수는 수행하지 않았다. 그림 단계: local Euclidean 대응, overlap 합성, 각도 절개·chart 교체, 구면 차원, 표본 scale과 교차 반례를 독립 질문으로 재진단한다. 제작·정적 검수 완료, 실제 HTML 대기. 실제 HTML 양 화면·대표 밝은/어두운·모바일 경계·본문 연결 확인 완료.","A09-GEO-01-open-arc-coordinate; A09-GEO-01-overlap-transition; A09-GEO-01-angle-cut; A09-GEO-01-switch-chart; A09-GEO-01-cloud-neighborhoods; A09-GEO-01-sphere-local-dimension; A09-GEO-01-crossing-neighborhood"
"A09-GEO-02","tangent space와 cotangent space","A09-GEO","part-4-advanced/A09-GEO/A09-GEO-02-tangent-cotangent.md","1635","E2","V3","verified","이전 pilot-complete 기록 보존; 새 본문 기준 재확인 완료. 1차 표본 개정 완료: 정의·직관·예시·한계와 본문 연동 SVG를 검증한다. 기존 pilot의 E3 설명 구조를 보존하고 이번 연결 보강은 E2로 기록한다. 본문 3개 개념 보강·2개 개념 충분성 확인 완료. 기존 그림과 계획은 유지하고 이번 작업에서 그림 검수는 수행하지 않았다. 그림 단계: 기존1장 타입 그림을 보존·구체 오류 교정하고, 점별 tangent/유한 chord/성분-basis/level pairing/metric/decoder를 독립 관계로 추가한다. 제작·정적 검수 완료, 실제 HTML 대기. 실제 HTML 양 화면·대표 밝은/어두운·모바일 경계·본문 연결 확인 완료.","A09-GEO-02-circle-velocity; A09-GEO-02-velocity-not-chord; A09-GEO-02-point-specific-tangents; A09-GEO-02-coordinate-components; A09-GEO-02-tangent-cotangent; A09-GEO-02-covector-levels; A09-GEO-02-metric-gradients; A09-GEO-02-decoder-velocity"
"A09-GEO-03","metric과 길이","A09-GEO","part-4-advanced/A09-GEO/A09-GEO-03-metric-length.md","1327","E2","V3","verified","압축된 고급 정의의 타입·조건·적용 한계를 풀고 추상 객체의 관계를 시각화할 가치가 있다. 본문 4개 개념 보강·0개 개념 충분성 확인 완료. 기존 그림과 계획은 유지하고 이번 작업에서 그림 검수는 수행하지 않았다. 그림 단계: metric의 조건·basis Gram·점별unit·경로/거리·재매개화·좌표/metric 변경·weighted norm을 각각 실제수치·축으로 추적한다. 제작·정적 검수 완료, 실제 HTML 대기. 실제 HTML 양 화면·대표 밝은/어두운·모바일 경계·본문 연결 확인 완료.","A09-GEO-03-positive-definite; A09-GEO-03-basis-gram-matrix; A09-GEO-03-position-dependent-units; A09-GEO-03-path-versus-distance; A09-GEO-03-reparameterized-length; A09-GEO-03-coordinate-versus-metric; A09-GEO-03-weighted-norm"
"A09-GEO-04","pullback metric과 Jacobian","A09-GEO","part-4-advanced/A09-GEO/A09-GEO-04-pullback-metric.md","1231","E2","V3","verified","압축된 고급 정의의 타입·조건·적용 한계를 풀고 추상 객체의 관계를 시각화할 가치가 있다. 본문 4개 개념 보강·0개 개념 충분성 확인 완료. 기존 그림과 계획은 유지하고 이번 작업에서 그림 검수는 수행하지 않았다. 그림 단계: pairing/shape, σvsσ², 열합성null, cubic finite변화, decoder scale을 독립적으로 진단했다. 제작·정적 검수 완료, 실제 HTML 대기. 실제 HTML 양 화면·대표 밝은/어두운·모바일 경계·본문 연결 확인 완료.","A09-GEO-04-pullback-pairing; A09-GEO-04-singular-stretch; A09-GEO-04-null-collapse; A09-GEO-04-cubic-first-order-null; A09-GEO-04-decoder-output-scale; A09-GEO-04-decoder-matrix-shape"
"A09-GEO-05","geodesic과 connection","A09-GEO","part-4-advanced/A09-GEO/A09-GEO-05-geodesic-connection.md","1251","E2","V3","verified","압축된 고급 정의의 타입·조건·적용 한계를 풀고 추상 객체의 관계를 시각화할 가치가 있다. 본문 4개 개념 보강·0개 개념 충분성 확인 완료. 기존 그림과 계획은 유지하고 이번 작업에서 그림 검수는 수행하지 않았다. 그림 단계: basis위치의존/parallel성분변화/매개화/국소vs전역/Cartesian-polar/항상쇄를6독립관계로구분. 제작·정적 검수 완료, 실제 HTML 대기. 실제 HTML 양 화면·대표 밝은/어두운·모바일 경계·본문 연결 확인 완료.","A09-GEO-05-rotating-basis; A09-GEO-05-transport-components; A09-GEO-05-geodesic-parameter; A09-GEO-05-straight-polar-trace; A09-GEO-05-polar-acceleration-cancellation; A09-GEO-05-local-not-global-shortest"
"A09-GEO-06","intrinsic·extrinsic curvature","A09-GEO","part-4-advanced/A09-GEO/A09-GEO-06-intrinsic-extrinsic-curvature.md","1391","E2","V3","verified","압축된 고급 정의의 타입·조건·적용 한계를 풀고 추상 객체의 관계를 시각화할 가치가 있다. 본문 4개 개념 보강·0개 개념 충분성 확인 완료. 기존 그림과 계획은 유지하고 이번 작업에서 그림 검수는 수행하지 않았다. 그림 단계: intrinsic/extrinsic·국소metric/전역주기·tangenttwo-plane/basis·path/projection의8독립관계를시각화. 제작·정적 검수 완료, 실제 HTML 대기. 실제 HTML 양 화면·대표 밝은/어두운·모바일 경계·본문 연결 확인 완료.","A09-GEO-06-plane-cylinder-sphere; A09-GEO-06-unfold-cylinder; A09-GEO-06-cylinder-normal-derivative; A09-GEO-06-cylinder-periodicity; A09-GEO-06-tangent-two-planes; A09-GEO-06-basis-same-plane; A09-GEO-06-path-not-space; A09-GEO-06-projection-distortion"
"A09-GEO-07","activation manifold 분석의 함정","A09-GEO","part-4-advanced/A09-GEO/A09-GEO-07-activation-manifold-pitfalls.md","1751","E2","V3","verified","압축된 고급 정의의 타입·조건·적용 한계를 풀고 추상 객체의 관계를 시각화할 가치가 있다. 본문 4개 개념 보강·0개 개념 충분성 확인 완료. 기존 그림과 계획은 유지하고 이번 작업에서 그림 검수는 수행하지 않았다. 그림 단계: 관측/PCA/rank·scale·branch·noise·projection·shuffle를10독립그림으로배치, 기존no C02/C03를재진단. 제작·정적 검수 완료, 실제 HTML 대기. 실제 HTML 양 화면·대표 밝은/어두운·모바일 경계·본문 연결 확인 완료.","A09-GEO-07-finite-samples-not-manifold; A09-GEO-07-pca-centering; A09-GEO-07-sample-rank-ceiling; A09-GEO-07-k-versus-radius; A09-GEO-07-scale-signal-noise; A09-GEO-07-branch-neighbors; A09-GEO-07-noise-eigenvalues; A09-GEO-07-projection-neighbor-flip; A09-GEO-07-label-shuffle; A09-GEO-07-semicircle-covariance"
"A09-GEO-08","종합 실습: 국소 표현 기하","A09-GEO","part-4-advanced/A09-GEO/A09-GEO-08-capstone-local-geometry.md","1476","E2","V3","verified","압축된 고급 정의의 타입·조건·적용 한계를 풀고 추상 객체의 관계를 시각화할 가치가 있다. 본문 2개 개념 보강·1개 개념 충분성 확인 완료. 기존 그림과 계획은 유지하고 이번 작업에서 그림 검수는 수행하지 않았다. 그림 단계: 계약의unit,restrictedshape/rank/gain,finitepath근사/세분화,alignment-vs-gain,순서control의7독립관계. 제작·정적 검수 완료, 실제 HTML 대기. 실제 HTML 양 화면·대표 밝은/어두운·모바일 경계·본문 연결 확인 완료.","A09-GEO-08-prompt-bootstrap; A09-GEO-08-restricted-shape; A09-GEO-08-restricted-gain-rank; A09-GEO-08-start-metric-sum; A09-GEO-08-path-refinement; A09-GEO-08-alignment-versus-gain; A09-GEO-08-permuted-path"
"A09-KER-01","함수공간과 operator","A09-KER","part-4-advanced/A09-KER/A09-KER-01-function-spaces-operators.md","1301","E2","V3","verified","함수의 곡선 전체와 한 값, pointwise 연산, operator 선형성, integral 가중 합, parameter 거리와 평가 차이는 독립 관계이므로 6개로 분리한다.","pointwise-combination;linear-versus-square;integral-weighted-sum;parameter-versus-output;finite-prompts-not-equality;evaluation-not-function"
"A09-KER-02","positive definite kernel","A09-KER","part-4-advanced/A09-KER/A09-KER-02-positive-definite-kernel.md","1239","E2","V3","verified","kernel 전체와 sample matrix, 원소 부호와 quadratic form, 중복·null 방향, kernel종류·bandwidth를 서로 다른 질문 6개로 보여 준다.","gram-samples;quadratic-signs;duplicate-input;kernel-profiles;gaussian-bandwidth;null-direction"
"A09-KER-03","feature map과 kernel trick","A09-KER","part-4-advanced/A09-KER/A09-KER-03-feature-map-kernel-trick.md","1368","E2","V3","verified","nonlinear feature곡선, 성분별 내적, Gram곱·새input predictor, feature회전, sample대응·평균제거의 질문7개를 나눈다.","feature-parabola;gram-factorization;predictor-feature-sum;orthogonal-features;row-alignment;centering;polynomial-products"
"A09-KER-04","RKHS 입문","A09-KER","part-4-advanced/A09-KER/A09-KER-04-rkhs-introduction.md","1392","E2","V3","verified","section함수·reproducing내적·bounded평가·span사영·training값보존·kernel상대norm·가중section합의7질문을 분리한다.","reproducing-coordinates;kernel-sections;evaluation-bound;representer-projection;training-values-preserved;kernel-relative-norm;section-combination"
"A09-KER-05","spectrum과 compact operator 입문","A09-KER","part-4-advanced/A09-KER/A09-KER-05-spectrum-compact-operators.md","1591","E2","V3","verified","L²점값구분/평균operator/정의역·norm/전개mode/finite평균scale/μ의영향/effective차원/two-point mode의8질문을 보인다.","l2-point-change;constant-average;eigenfunction-samples;mercer-two-modes;gram-normalization;measure-weighted-operator;effective-dimension;two-point-modes"
"A09-KER-06","neural tangent kernel","A09-KER","part-4-advanced/A09-KER/A09-KER-06-neural-tangent-kernel.md","1392","E2","V3","verified","parameter gradient/row Gram/sample 간 갱신/shape별 chain rule/current와fixed/eigenmode/discrete stability의 독립7질문.","gradient-features;gradient-gram;coupled-step;chain-rule-shapes;current-versus-fixed;mode-decay;discrete-step-stability"
"A09-KER-07","parameter-space와 function-space 비교","A09-KER","part-4-advanced/A09-KER/A09-KER-07-parameter-function-space.md","1484","E2","V3","verified","distance측정대상/기준P/localgain/Gram공간/reparameterizationmetric·flow/outputmetric/symmetryfinitepath의8관계.","distribution-weighting;jacobian-direction-gain;two-gram-spaces;reparameterized-metric;reparameterized-flow;logit-shift-metrics;symmetry-distance;tangent-versus-symmetry"
"A09-KER-08","종합 실습: kernel 관점의 학습","A09-KER","part-4-advanced/A09-KER/A09-KER-08-capstone-kernel-learning.md","1709","E2","V3","verified","target/residual·basis불확정·zero분모·structure/scale·두prediction·null/consistency·spectrum/fit의7계산관계. 원래실습계약은 새학습없이 보존.","target-versus-residual;eigenspace-basis;zero-centered-kernel;structure-versus-scale;two-predictions;permutation-controls;spectrum-not-fit"
"A09-LRN-01","hypothesis class와 risk","A09-LRN","part-4-advanced/A09-LRN/A09-LRN-01-hypothesis-class-risk.md","1418","E2","V3","verified","함수 class/선택 규칙·population/empirical 평균·ERM/세 오차·loss/P/class를 연결했다. 본문 검증을 완료했고 기존 V1 필요성·계획을 유지하며 필수 그림 검수는 남긴다. 그림 단계: 후보 함수·선택 결과, fixed/selected sampling, population 가중 risk, ERM loss 계산과 오차별 비교 축을 나눈다. 제작·정적 및 실제 HTML 양 화면/대표 네 조건 검수 완료; 21개 tall 표시·footer1개 국소교정 확인. 원본문·문제/해설 보존.","affine-candidates-selected; constant-classifier-losses; population-label-probability; fixed-versus-selected-risk; error-comparison-targets; population-weighted-risk"
"A09-LRN-02","bias–variance decomposition","A09-LRN","part-4-advanced/A09-LRN/A09-LRN-02-bias-variance-decomposition.md","1472","E2","V3","verified","pointwise 정의·제곱 전개·독립 noise·misspecification과 data/seed 변동을 연결했다. 본문 검증을 완료했고 기존 V1 필요성·계획을 유지하며 필수 그림 검수는 남긴다. 그림 단계: 예측·label의 중심, 교차항 기대값, 개별 오차와 평균, bias와 class, data/seed 반복을 나눈다. 제작·정적 및 실제 HTML 양 화면/대표 네 조건 검수 완료; 21개 tall 표시·footer1개 국소교정 확인. 원본문·문제/해설 보존.","prediction-and-label-centers; independent-cross-products; single-errors-and-mean; expected-error-components; represented-target-biased-selection; pointwise-zero-global-mismatch; data-seed-nested-variation"
"A09-LRN-03","generalization gap","A09-LRN","part-4-advanced/A09-LRN/A09-LRN-03-generalization-gap.md","1582","E2","V3","verified","expected/observed gap·고정/선택 함수·validation·paired risk/gap 차이를 연결했다. 본문 검증을 완료했고 기존 V1 필요성·계획을 유지하며 필수 그림 검수는 남긴다. 그림 단계: 관측 gap과 기대 gap, 절대 risk, validation 선택, test 분포와 paired 비교를 각기 다른 측정 대상으로 구분한다. 제작·정적 및 실제 HTML 양 화면/대표 네 조건 검수 완료; 21개 tall 표시·footer1개 국소교정 확인. 원본문·문제/해설 보존.","retraining-versus-observed-gaps; risk-level-versus-gap; conditional-test-sampling; validation-minimum-selection; same-and-shifted-populations; paired-example-differences; gap-difference-training-adjustment"
"A09-LRN-04","VC dimension","A09-LRN","part-4-advanced/A09-LRN/A09-LRN-04-vc-dimension.md","1307","E2","V3","verified","shattering 양화사·threshold/interval 증명·growth·uniform/worst-case를 연결했다. 본문 검증을 완료했고 기존 V1 필요성·계획을 유지하며 필수 그림 검수는 남긴다. 그림 단계: 같은 점을 고정하고 threshold/interval이 실현하는 모든 labeling과 실패 pattern을 실제 수직선에서 추적한다. growth와 uniform 사건의 서로 다른 최대화 대상을 분리한다. 제작·정적 및 실제 HTML 양 화면/대표 네 조건 검수 완료; 21개 tall 표시·footer1개 국소교정 확인. 원본문·문제/해설 보존.","threshold-one-point; threshold-two-point-patterns; interval-two-point-shattering; interval-three-point-obstruction; duplicate-threshold-outputs; threshold-growth-counts; uniform-event-selected-function"
"A09-LRN-05","Rademacher complexity","A09-LRN","part-4-advanced/A09-LRN/A09-LRN-05-rademacher-complexity.md","1426","E2","V3","verified","sign 반복/함수 선택·norm supremum·loss contraction·pipeline control을 연결했다. 본문 검증을 완료했고 기존 V1 필요성·계획을 유지하며 필수 그림 검수는 남긴다. 그림 단계: sign마다 최적화한 뒤 평균하는 순서와 norm ball 정렬·sample 기하·상한 scaling·loss 범위·optimizer control을 독립 질문으로 분리한다. 제작·정적 및 실제 HTML 양 화면/대표 네 조건 검수 완료; 21개 tall 표시·footer1개 국소교정 확인. 원본문·문제/해설 보존.","finite-sign-suprema; expectation-supremum-order; unit-ball-sign-alignment; equal-norm-different-geometry; norm-scale-sample-bound; squared-loss-bounded-slope; class-supremum-pipeline-control"
"A09-LRN-06","PAC learning","A09-LRN","part-4-advanced/A09-LRN/A09-LRN-06-pac-learning.md","1585","E2","V3","verified","확률 두 수준·realizable/agnostic·finite-class sample 충분조건·theorem quantifier를 연결했다. 본문 검증을 완료했고 기존 V1 필요성·계획을 유지하며 필수 그림 검수는 남긴다. 그림 단계: PAC의 두 probability 수준, absolute/excess risk, realizability와 label noise, finite-class failure, ε/δ별 충분 sample 수, ERM 추정 오차의 연결과 one-run 범위를 분리한다. 제작·정적 및 실제 HTML 양 화면/대표 네 조건 검수 완료; 21개 tall 표시·footer1개 국소교정 확인. 원본문·문제/해설 보존.","nested-risk-training-probability; risk-target-realizable-agnostic; same-input-label-noise; bad-hypothesis-consistency-bound; sample-bound-epsilon; sample-bound-delta; erm-two-deviation-steps; ninety-five-percent-training-law; one-run-guarantee-scope"
"A09-LRN-07","probe와 해석의 일반화","A09-LRN","part-4-advanced/A09-LRN/A09-LRN-07-probe-interpretation-generalization.md","1638","E2","V3","verified","class/unit·split 축·nested 선택·관찰/복원/인과 사용 증거를 구분했다. 본문 검증을 완료했고 기존 V1 필요성·계획을 유지하며 필수 그림 검수는 남긴다. 그림 단계: class에 상대적인 readout 기하, row/prompt pack, held-out group 축, model refit/transfer, nested/preprocessing 경계, prompt bootstrap/가중치, native output와 probe 경로를 분리한다. 제작·정적 및 실제 HTML 양 화면/대표 네 조건 검수 완료; 21개 tall 표시·footer1개 국소교정 확인. 원본문·문제/해설 보존.","class-relative-readout-geometry; row-versus-prompt-split; held-out-group-axes; model-refit-versus-transfer; nested-selection-boundary; preprocessing-test-information; prompt-bootstrap-packs; token-versus-prompt-weights; readout-versus-functional-use"
"A09-LRN-08","종합 실습: 복잡도와 일반화","A09-LRN","part-4-advanced/A09-LRN/A09-LRN-08-capstone-complexity-generalization.md","1517","E2","V3","verified","분석 계약·기존 측정 절차·결과표의 loss/unit/선택/상한 조건을 여러 문단에서 보강했다. 기존 V0 판단과 시각화 계획 없음은 유지한다. 그림 단계: class 포함관계, 고정 protocol의 평가 population, control·이론 조건·interval의 서로 다른 경계와 claim 강도를 분리한다. 제작·정적 및 실제 HTML 양 화면/대표 네 조건 검수 완료; 21개 tall 표시·footer1개 국소교정 확인. 원본문·문제/해설 보존.","norm-class-subset-not-universal-ladder; frozen-protocol-population-branches; iid-gap-versus-shift-contrast; different-control-null-relations; complexity-to-risk-bound-gate; conditional-versus-pipeline-interval; loose-bound-observed-gap; recoverability-claim-boundary"
"A09-RMT-01","고차원 공간의 집중현상","A09-RMT","part-4-advanced/A09-RMT/A09-RMT-01-high-dimensional-concentration.md","964","E2","V3","verified","squared norm의집중과 이탈 상한, direction cosine, width별 scale, radius/clustering, pair 거리와 covariance/sampling 계약을 독립 질문으로 나눈다.; 복합28개·normal대표3개 두 화면 및 공통4종16조건 실제 HTML 검수 완료. 캡션 entity 한곳 교정 후9/9 로드·plain caption 복원 확인.","squared-norm-density; fixed-tolerance-tail-bound; unit-direction-cosine-density; dimension-dependent-scales; same-radius-different-directions; unit-radii-pair-distance; equal-trace-anisotropic-geometry; prompt-pack-versus-iid-rows"
"A09-RMT-02","random projection","A09-RMT","part-4-advanced/A09-RMT/A09-RMT-02-random-projection.md","1066","E2","V3","verified","row별 평균 norm 기여, projection ratio의 분포, squared/distance distortion, 같은 R의 모든 pair, n·ε·δ의 서로 다른 항, null 방향과 refit control을 나눈다.; 복합28개·normal대표3개 두 화면 및 공통4종16조건 실제 HTML 검수 완료. 캡션 entity 한곳 교정 후9/9 로드·plain caption 복원 확인.","output-row-scaling; fixed-vector-norm-ratio; squared-versus-distance-distortion; all-pairs-one-embedding; point-count-log-term; distortion-inverse-square; failure-probability-log-term; finite-set-and-null-direction; projection-probe-control-contract"
"A09-RMT-03","표본 공분산의 spectrum","A09-RMT","part-4-advanced/A09-RMT/A09-RMT-03-sample-covariance-spectrum.md","1002","E2","V3","verified","mean 이동, direction variance, denominator scaling, row 종속, feature/sample Gram, aspect ratio의 sample spread와 entry별 오차, prompt pack의 다른 count를 분리한다.; 복합28개·normal대표3개 두 화면 및 공통4종16조건 실제 HTML 검수 완료. 캡션 entity 한곳 교정 후9/9 로드·plain caption 복원 확인.","sample-mean-centering; unit-direction-variance; denominator-eigenvalue-rescaling; last-centered-row-dependent; feature-and-sample-gram-spectra; aspect-ratio-sample-spread; entrywise-versus-directional-error; matrix-rows-versus-bootstrap-packs"
"A09-RMT-04","Marchenko–Pastur 법칙의 직관","A09-RMT","part-4-advanced/A09-RMT/A09-RMT-04-marchenko-pastur-intuition.md","1045","E2","V3","verified","ESD count・isotropy/iid・bulk mean/edges/scaling・zero atom・finite centering・outlier fraction/max・fitted null을 독립 질문으로 분리했다.; 복합28개·normal대표3개 두 화면 및 공통4종16조건 실제 HTML 검수 완료. 캡션 entity 한곳 교정 후9/9 로드·plain caption 복원 확인.","empirical-cdf-from-all-values; mp-mean-and-midpoint; aspect-ratio-bulk-edges; noise-variance-bulk-rescaling; positive-bulk-and-zero-mass; gamma-one-finite-centering-zero; bulk-fraction-versus-maximum; candidate-affects-fitted-null-scale; isotropic-not-independent-coordinates"
"A09-RMT-05","spiked covariance model","A09-RMT","part-4-advanced/A09-RMT/A09-RMT-05-spiked-covariance-model.md","1026","E2","V3","verified","rank-one 추가 항/전체 covariance/mean≠variance, population threshold와 sample branch, gap와 alignment/sign, rotated basis와 subspace를 독립 질문별 8개로 나눴다.; 복합28개·normal대표3개 두 화면 및 공통4종16조건 실제 HTML 검수 완료. 캡션 entity 한곳 교정 후9/9 로드·plain caption 복원 확인.","rank-one-covariance-action; one-spike-full-population-spectrum; zero-mean-extra-variance; population-spike-and-sample-branch; aspect-ratio-separation-region; spectral-gap-versus-alignment; alignment-sign-invariance; same-plane-rotated-bases"
"A09-RMT-06","signal과 noise eigenvalue","A09-RMT","part-4-advanced/A09-RMT/A09-RMT-06-signal-noise-eigenvalues.md","1099","E2","V3","verified","null quantile/rank/permutation, average projection/rotation/large-k overlap, prompt split+bootstrap refit, matched ablation amount를 9개 독립 관계로 분리했다.; 복합28개·normal대표3개 두 화면 및 공통4종16조건 실제 HTML 검수 완료. 캡션 entity 한곳 교정 후9/9 로드·plain caption 복원 확인.","quantile-and-observed-value; ordered-ranks-across-null-runs; row-and-column-permutation-grams; overlap-as-average-projection; rotation-invariant-overlap-matrix; large-subspaces-overlap-without-matching; prompt-split-and-separate-basis-refits; bootstrap-refit-and-two-measurements; matched-amount-projection-ablations"
"A09-RMT-07","weight·activation·Hessian spectrum","A09-RMT","part-4-advanced/A09-RMT/A09-RMT-07-weight-activation-hessian-spectra.md","1132","E2","V3","verified","weight map/Gram/nilpotent/layer compensation, activation projection/standardization, Hessian sign/stationarity/coordinate/HVP/power magnitude를 11개 독립 질문으로 시각화했다.; 복합28개·normal대표3개 두 화면 및 공통4종16조건 실제 HTML 검수 완료. 캡션 entity 한곳 교정 후9/9 로드·plain caption 복원 확인.","weight-map-circle-to-ellipse; input-output-gram-zero-counts; zero-spectral-radius-nonzero-amplification; compensated-layer-rescaling; activation-values-and-directional-variance; feature-standardization-rotates-axes; stationary-loss-curvature-signs; constant-loss-curve-nonnull-tangent; coordinate-rescaling-changes-curvature; one-hvp-does-not-fix-the-spectrum; power-magnitude-versus-positive-eigenvalue"
"A09-RMT-08","종합 실습: spectrum의 null model","A09-RMT","part-4-advanced/A09-RMT/A09-RMT-08-capstone-spectrum-null-model.md","1341","E2","V3","verified","분석 contract의 token/prompt count, train scale/split mean, PR, feature-wise trajectory block, analytic↔sim criteria, seed coordinate, separate probe/refit/test, scale-back ablation을 8개 독립 관계로 나눴다.; 복합28개·normal대표3개 두 화면 및 공통4종16조건 실제 HTML 검수 완료. 캡션 entity 한곳 교정 후9/9 로드·plain caption 복원 확인.","token-counts-and-prompt-units; train-scale-split-mean-distinction; participation-ratio-not-rank; feature-wise-whole-trajectory-permutation; analytic-observed-simulated-order; within-seed-stability-before-cross-seed-geometry; separate-probe-fits-shared-test; scaled-coordinate-ablation-backtransform"
"A09-SYM-01","group과 group action","A09-SYM","part-4-advanced/A09-SYM/A09-SYM-01-groups-actions.md","1307","E2","V3","verified","group 조건·합성순서·action법칙/대상·회전/inverse·parameter 보상은 독립 질문이다. HTML 양 화면 연결·해당 복합 그림 검수와 공통유형 두 테마 확인 완료.","A09-SYM-01-integer-group-return; A09-SYM-01-noncommuting-actions; A09-SYM-01-singular-map-collapse; A09-SYM-01-action-composition-routes; A09-SYM-01-permutation-action-domains; A09-SYM-01-quarter-turn-inverse; A09-SYM-01-parameter-compensation"
"A09-SYM-02","orbit와 stabilizer","A09-SYM","part-4-advanced/A09-SYM/A09-SYM-02-orbits-stabilizers.md","1402","E2","V3","verified","orbit/stabilizer의 타입·대상 의존성·coset 중복·quotient/대표·거리는 서로 다른 질문이다. HTML 양 화면 연결·해당 복합 그림 검수와 공통유형 두 테마 확인 완료.","A09-SYM-02-orbit-stabilizer; A09-SYM-02-object-specific-stabilizer; A09-SYM-02-s3-coset-orbit-fibers; A09-SYM-02-quotient-disjoint-orbits; A09-SYM-02-raw-aligned-distance"
"A09-SYM-03","invariant와 equivariant","A09-SYM","part-4-advanced/A09-SYM/A09-SYM-03-invariant-equivariant.md","1242","E2","V3","verified","input/output action의 타입, equivariance와 정보보존, 선형 교환, uniform average와 유한검사 한계는 독립 질문이다. HTML 양 화면 연결·해당 복합 그림 검수와 공통유형 두 테마 확인 완료.","A09-SYM-03-input-output-action-types; A09-SYM-03-equivariant-zero-map; A09-SYM-03-linear-commutation-failure; A09-SYM-03-group-average-reindexing; A09-SYM-03-unequal-average; A09-SYM-03-finite-check-misses-violation"
"A09-SYM-04","permutation symmetry","A09-SYM","part-4-advanced/A09-SYM/A09-SYM-04-permutation-symmetry.md","1408","E2","V3","verified","hidden 행/열·bias·residual·head block/token축·assignment·score/평균의 의미가 독립질문이다. HTML 양 화면 연결·해당 복합 그림 검수와 공통유형 두 테마 확인 완료.","A09-SYM-04-hidden-row-column-pair; A09-SYM-04-bias-coordinate-pair; A09-SYM-04-residual-shared-order; A09-SYM-04-head-output-blocks; A09-SYM-04-head-token-axes; A09-SYM-04-assignment-bijection; A09-SYM-04-correlation-not-output; A09-SYM-04-unaligned-weight-average"
"A09-SYM-05","scaling·rotation과 gauge freedom","A09-SYM","part-4-advanced/A09-SYM/A09-SYM-05-scaling-rotation-gauge.md","1457","E2","V3","verified","正scale·sign조건·orthogonal보상/fixedactivation·변환별geometry·곡선Hessian조건·대표/잔여symmetry의독립질문. HTML 양 화면 연결·해당 복합 그림 검수와 공통유형 두 테마 확인 완료.","A09-SYM-05-positive-scale-exchange; A09-SYM-05-relu-rotation-failure; A09-SYM-05-relu-scale-sign; A09-SYM-05-scale-orbit-norm; A09-SYM-05-rotated-readout; A09-SYM-05-basis-geometry-change; A09-SYM-05-curved-orbit-hessian; A09-SYM-05-gauge-representative; A09-SYM-05-whitening-remaining-rotation"
"A09-SYM-06","representation theory 입문","A09-SYM","part-4-advanced/A09-SYM/A09-SYM-06-representation-theory.md","1477","E2","V3","verified","homomorphism/maptype·faithfulness·span/固定·allg·swap direct sum·componentmap/multiplicity·learnedtest는독립질문. HTML 양 화면 연결·해당 복합 그림 검수와 공통유형 두 테마 확인 완료.","A09-SYM-06-homomorphism-composition; A09-SYM-06-nonfaithful-trivial-action; A09-SYM-06-equivariant-component-blocks; A09-SYM-06-repeated-component-mixing; A09-SYM-06-activation-action-test; A09-SYM-06-invariant-span-not-fixed; A09-SYM-06-all-actions-subspace; A09-SYM-06-swap-direct-sum"
"A09-SYM-07","모델 정렬과 동치류","A09-SYM","part-4-advanced/A09-SYM/A09-SYM-07-model-alignment-equivalence-classes.md","1575","E2","V3","verified","paired row/rightmap·class geometry/포함·minimum vsinfimum·split전달·null/P SVD기저free·outputclaim범위질문별설계. HTML 양 화면 연결·해당 복합 그림 검수와 공통유형 두 테마 확인 완료.","A09-SYM-07-paired-rows-common-map; A09-SYM-07-nested-feasible-sets; A09-SYM-07-fit-freeze-evaluate; A09-SYM-07-paired-svd-basis-cancellation; A09-SYM-07-transformation-geometries; A09-SYM-07-unattained-infimum; A09-SYM-07-unobserved-direction-freedom; A09-SYM-07-zero-alignment-different-output"
"A09-SYM-08","종합 실습: seed 간 표현 정렬","A09-SYM","part-4-advanced/A09-SYM/A09-SYM-08-capstone-seed-alignment.md","1756","E2","V3","verified","독립 seed와 재매개화, prompt 단위 split, paired hook, CKA 불변성, bootstrap refit, one-sided null, column 방향·raw scaling·baseline의 독립 질문을 각각 표시한다. HTML 양 화면 연결·해당 복합 그림 검수와 공통유형 두 테마 확인 완료.","A09-SYM-08-independent-seed-contract; A09-SYM-08-prompt-level-split; A09-SYM-08-paired-hook-location; A09-SYM-08-prompt-bootstrap-refit; A09-SYM-08-one-sided-row-shuffle; A09-SYM-08-inverse-scale-hook-direction; A09-SYM-08-cka-and-coordinate-residual; A09-SYM-08-row-to-column-direction; A09-SYM-08-seed-specific-baselines"
"I06-01","행동과 표현 질문 설계","I06","part-3-interpretability/I06/I06-01-behavior-representation-question-design.md","1908","E1","V3","verified","표현공간의 기하와 측정 결과의 범위를 연결하도록 설명을 보강할 가치가 있다. 본문 검증 완료: 3개 개념을 보강하고 3개를 근거와 함께 유지했다. 기존 그림 계획·자산은 보존하며 필수 그림의 통합 검수는 미완료다. 그림 판단: 행동과 내부 관측의 계산 위치, 모집단/표본, 반복/paired 단위, hook/token 선택과 증거 경로는 서로 다른 관계다. 기존 한 장 계획을 독립 질문별 7개로 확장한다. 담당자 정적 검수와 root 실제 HTML desktop/mobile 및 대표 밝은/어두운 조건을 확인했다.","I06-01-behavior-internal-measurements; I06-01-population-pilot; I06-01-repeated-measurements; I06-01-paired-inputs; I06-01-update-versus-stream; I06-01-last-real-token; I06-01-evidence-routes"
"I06-02","activation dataset","I06","part-3-interpretability/I06/I06-02-activation-dataset.md","2046","E2","V3","verified","표현공간의 기하와 측정 결과의 범위를 연결하도록 설명을 보강할 가치가 있다. 본문 검증 완료: 4개 개념을 보강하고 2개를 근거와 함께 유지했다. 기존 그림 계획·자산은 보존하며 필수 그림의 통합 검수는 미완료다. 그림 판단: 행/metadata 대응, 조건의 함께 변한 요소, paddingindex, 위치선택 split, 저장사본/leaf미분, 저장량 및 group분리는 독립적인 수집 계약이다. 담당자 정적 검수와 root 실제 HTML desktop/mobile 및 대표 밝은/어두운 조건을 확인했다.","I06-02-row-metadata-alignment; I06-02-paired-versus-matched; I06-02-padding-index-rules; I06-02-explore-confirm-split; I06-02-detach-observation; I06-02-downstream-leaf-gradient; I06-02-selected-slice-storage; I06-02-group-split-leakage"
"I06-03","분포와 기초 통계","I06","part-3-interpretability/I06/I06-03-distributions-basic-statistics.md","1924","E2","V3","verified","표현공간의 기하와 측정 결과의 범위를 연결하도록 설명을 보강할 가치가 있다. 본문 검증 완료: 3개 개념을 보강하고 3개를 근거와 함께 유지했다. 기존 그림 계획·자산은 보존하며 필수 그림의 통합 검수는 미완료다. 그림 판단: 평균/좌표분산·norm상쇄·standardization/robust·조건변동/scale·model기저는각각다른요약관계다. 기존한장norm계획을기존손계산과조건비교그래프로확장한다. 담당자 정적 검수와 root 실제 HTML desktop/mobile 및 대표 밝은/어두운 조건을 확인했다.","I06-03-coordinate-mean; I06-03-coordinate-variance; I06-03-norm-cancellation; I06-03-z-score-scale; I06-03-robust-largest-value; I06-03-contrast-versus-spread; I06-03-contrast-scale; I06-03-model-coordinate-mismatch"
"I06-04","neuron 단위 분석","I06","part-3-interpretability/I06/I06-04-neuron-level-analysis.md","1394","E1","V3","verified","표현공간의 기하와 측정 결과의 범위를 연결하도록 설명을 보강할 가치가 있다. 본문 검증 완료: 1개 개념을 보강하고 3개를 근거와 함께 유지했다. 기존 그림 계획·자산은 보존하며 필수 그림의 통합 검수는 미완료다. 그림 판단: 같은 좌표 index의 tensor 위치, top 예와 독립 검사, 직교 회전 전후의 좌표 상관/전체 거리, 분석 회전/모델 개입과 의미/구두점 대조는 역할이 다르다. 담당자 정적 검수와 root 실제 HTML desktop/mobile 및 대표 밝은/어두운 조건을 확인했다.","I06-04-coordinate-location; I06-04-top-examples-to-tests; I06-04-analysis-versus-rewiring; I06-04-city-punctuation-controls; I06-04-coordinate-correlations; I06-04-pairwise-distance-invariance"
"I06-05","PCA와 SVD 분석","I06","part-3-interpretability/I06/I06-05-pca-svd-analysis.md","1428","E2","V3","verified","표현공간의 기하와 측정 결과의 범위를 연결하도록 설명을 보강할 가치가 있다. 본문 검증 완료: 2개 개념을 보강하고 2개를 근거와 함께 유지했다. 기존 그림 계획·자산은 보존하며 필수 그림의 통합 검수는 미완료다. 그림 판단: 중심화 이동, thin/full 방향 shape, singular value 제곱, retained 비율과 norm 오차, label/부호/부분공간의 서로 다른 질문을 나눈다. 담당자 정적 검수와 root 실제 HTML desktop/mobile 및 대표 밝은/어두운 조건을 확인했다.","I06-05-centering-two-vectors; I06-05-squared-singular-energy; I06-05-retained-variation-error; I06-05-thin-full-directions; I06-05-direction-sign; I06-05-variance-label-direction; I06-05-near-singular-subspace"
"I06-06","linear probe","I06","part-3-interpretability/I06/I06-06-linear-probe.md","1384","E2","V3","verified","표현공간의 기하와 측정 결과의 범위를 연결하도록 설명을 보강할 가치가 있다. 본문 검증 완료: 3개 개념을 보강하고 2개를 근거와 함께 유지했다. 기존 그림 계획·자산은 보존하며 필수 그림의 통합 검수는 미완료다. 그림 판단: 외부 readout/경계, 전처리 경로, ridge null 방향과 metric 가중은 독립 관계다. 담당자 정적 검수와 root 실제 HTML desktop/mobile 및 대표 밝은/어두운 조건을 확인했다.","I06-06-external-readout; I06-06-score-hyperplane; I06-06-train-only-preprocessing; I06-06-imbalance-weighting; I06-06-ridge-null-direction"
"I06-07","probe control과 selectivity","I06","part-3-interpretability/I06/I06-07-probe-controls-selectivity.md","1401","E1","V3","verified","표현공간의 기하와 측정 결과의 범위를 연결하도록 설명을 보강할 가치가 있다. 본문 검증 완료: 2개 개념을 보강하고 2개를 근거와 함께 유지했다. 기존 그림 계획·자산은 보존하며 필수 그림의 통합 검수는 미완료다. 그림 판단: label/representation control, type/row 대응, gap와 원래 값, 탐색 기회와 반복의 계약을 분리한다. 담당자 정적 검수와 root 실제 HTML desktop/mobile 및 대표 밝은/어두운 조건을 확인했다.","I06-07-label-permutation; I06-07-type-versus-row-control; I06-07-representation-control; I06-07-selectivity-original-values; I06-07-selection-budget; I06-07-repeated-control-contract"
"I06-08","CCA, CKA와 RSA","I06","part-3-interpretability/I06/I06-08-cca-cka-rsa.md","1564","E2","V3","verified","표현공간의 기하와 측정 결과의 범위를 연결하도록 설명을 보강할 가치가 있다. 본문 검증 완료: 3개 개념을 보강하고 2개를 근거와 함께 유지했다. 기존 그림 계획·자산은 보존하며 필수 그림의 통합 검수는 미완료다. 그림 판단: 세 방법의 입력/요약 대상, 허용 변환과 pair 의존성을 독립적으로 시각화한다. 담당자 정적 검수와 root 실제 HTML desktop/mobile 및 대표 밝은/어두운 조건을 확인했다.","I06-08-input-row-join; I06-08-cca-score-columns; I06-08-cka-gram-pairs; I06-08-rsa-upper-triangle; I06-08-pair-dependence; I06-08-invariance-geometry"
"I06-09","feature visualization","I06","part-3-interpretability/I06/I06-09-feature-visualization.md","1398","E1","V3","verified","표현공간의 기하와 측정 결과의 범위를 연결하도록 설명을 보강할 가치가 있다. 본문 검증 완료: 2개 개념을 보강하고 2개를 근거와 함께 유지했다. 기존 그림 계획·자산은 보존하며 필수 그림의 통합 검수는 미완료다. 그림 판단: 투영과 token 집계, rank의 양끝과 base rate, 입력 최적화/실제 token 그리고 관찰/개입은 독립 질문이다. 담당자 정적 검수와 root 실제 HTML desktop/mobile 및 대표 밝은/어두운 조건을 확인했다.","I06-09-direction-projection; I06-09-token-score-aggregation; I06-09-top-versus-base-rate; I06-09-input-optimization; I06-09-embedding-to-token; I06-09-observation-intervention; I06-09-signed-ranking"
"I06-10","superposition","I06","part-3-interpretability/I06/I06-10-superposition.md","1429","E1","V3","verified","이전 pilot-complete 기록 보존; 새 본문 기준으로 재확인 대기. 1차 표본 개정 완료: 정의·직관·예시·한계와 본문 연동 SVG를 검증한다. 본문 검증 완료: 2개 개념을 보강하고 2개를 근거와 함께 유지했다. 기존 그림 계획·자산은 보존하며 필수 그림의 통합 검수는 미완료다. 그림 판단: 기존 direction 비교를 유지하고 sparse code/dense coordinates, 실제 toy 합/Gram/response와 ReLU 순서를 추가한다. 담당자 정적 검수와 root 실제 HTML desktop/mobile 및 대표 밝은/어두운 조건을 확인했다.","I06-10-superposition; I06-10-feature-coordinate-shapes; I06-10-gram-interference; I06-10-weighted-vector-sum; I06-10-dot-response-vs-code; I06-10-relu-basis-order"
"I06-11","sparse coding","I06","part-3-interpretability/I06/I06-11-sparse-coding.md","1411","E2","V3","verified","표현공간의 기하와 측정 결과의 범위를 연결하도록 설명을 보강할 가치가 있다. 본문 검증 완료: 3개 개념을 보강하고 1개를 근거와 함께 유지했다. 기존 그림 계획·자산은 보존하며 필수 그림의 통합 검수는 미완료다. 그림 판단: loss 공간·ISTA 단계·threshold 곡선·scale 모호성과 support/coherence를 독립 시각화한다. 담당자 정적 검수와 root 실제 HTML desktop/mobile 및 대표 밝은/어두운 조건을 확인했다.","I06-11-loss-spaces; I06-11-ista-two-step; I06-11-dictionary-scale-cost; I06-11-coherent-columns; I06-11-soft-threshold-curve; I06-11-true-estimated-support"
"I06-12","sparse autoencoder","I06","part-3-interpretability/I06/I06-12-sparse-autoencoder.md","1692","E2","V3","verified","표현공간의 기하와 측정 결과의 범위를 연결하도록 설명을 보강할 가치가 있다. 본문 검증 완료: 4개 개념을 보강하고 1개를 근거와 함께 유지했다. 기존 그림 계획·자산은 보존하며 필수 그림의 통합 검수는 미완료다. 그림 판단: encoder/decoder shape와 역할, L₁/L₀·TopK, 오차 방향과 두 dead 개념을 분리한다. 담당자 정적 검수와 root 실제 HTML desktop/mobile 및 대표 밝은/어두운 조건을 확인했다.","I06-12-encoder-decoder-shapes; I06-12-encoder-row-decoder-column; I06-12-l1-versus-l0; I06-12-topk-zero-selection; I06-12-downstream-error-direction; I06-12-relu-gradient-block; I06-12-dead-observation-window"
"I06-13","feature 안정성과 identifiability","I06","part-3-interpretability/I06/I06-13-feature-stability-identifiability.md","1600","E2","V3","verified","표현공간의 기하와 측정 결과의 범위를 연결하도록 설명을 보강할 가치가 있다. 본문 검증 완료: 4개 개념을 보강하고 0개를 근거와 함께 유지했다. 기존 그림 계획·자산은 보존하며 필수 그림의 통합 검수는 미완료다. 그림 판단: paired symmetry·IDmatching·many-to-one·basis/span과 empirical/theoretical 유일성을 분리한다. 담당자 정적 검수와 root 실제 HTML desktop/mobile 및 대표 밝은/어두운 조건을 확인했다.","I06-13-paired-symmetries; I06-13-many-to-one-assignment; I06-13-subspace-basis-stability; I06-13-stability-versus-uniqueness; I06-13-cosine-assignment"
"I06-14","표현 주장 작성","I06","part-3-interpretability/I06/I06-14-writing-representation-claims.md","1197","E1","V2","verified","표현공간의 기하와 측정 결과의 범위를 연결하도록 설명을 보강할 가치가 있다. 본문 검증 완료: 2개 개념을 보강하고 2개를 근거와 함께 유지했다. 필수 그림 계획이 없어 본문 검증으로 통합 verified를 기록한다. 그림 판단: 주장 종류/일반화 범위의 독립축과 null효과의 uncertainty 폭은 시각적 관계가 필요하다. 문장작성 목록은 유지한다. 담당자 정적 검수와 root 실제 HTML desktop/mobile 및 대표 밝은/어두운 조건을 확인했다.","I06-14-claim-kind-scope; I06-14-null-effect-uncertainty"
"I06-15","종합 실습: 표현 보고서","I06","part-3-interpretability/I06/I06-15-capstone-representation-report.md","1427","E1","V2","verified","표현공간의 기하와 측정 결과의 범위를 연결하도록 설명을 보강할 가치가 있다. 본문 검증 완료: 2개 개념을 보강하고 3개를 근거와 함께 유지했다. 필수 그림 계획이 없어 본문 검증으로 통합 verified를 기록한다. 그림 판단: paired estimand와 반복 대상, 실패 처리 분기와 provenance 의존성은 시각화하고 보고서 목록은 유지한다. 담당자 정적 검수와 root 실제 HTML desktop/mobile 및 대표 밝은/어두운 조건을 확인했다.","I06-15-paired-selectivity-estimand; I06-15-failure-versus-sensitivity; I06-15-pilot-provenance-links"
"I07-01","민감도와 귀인","I07","part-3-interpretability/I07/I07-01-sensitivity-attribution.md","1356","E2","V3","verified","측정·개입·시간축과 주장 강도를 분리해 읽도록 설명과 실험 구조를 보강할 가치가 있다. 본문 검증 완료: 2개 개념을 보강하고 1개를 근거와 함께 유지했다. 필수 그림 검수는 수행하지 않아 통합 drafting을 유지한다. 그림 단계: 같은 함수의 local 변화율·유한 제거·상호작용·target 선택을 독립 질문으로 분리한다. 제작·정적 검수와 조정자 실제 HTML 검수 완료; 미해결 그림 결함0.","linear-coordinate-change; quadratic-local-finite; gradient-removal-units; target-softmax-coupling; overlapping-removals"
"I07-02","gradient 기반 귀인","I07","part-3-interpretability/I07/I07-02-gradient-attribution.md","1271","E2","V3","verified","측정·개입·시간축과 주장 강도를 분리해 읽도록 설명과 실험 구조를 보강할 가치가 있다. 본문 검증 완료: 3개 개념을 보강하고 0개를 근거와 함께 유지했다. 필수 그림 검수는 수행하지 않아 통합 drafting을 유지한다. 그림 단계: 부호·현재점 Taylor·단위 배율·포화를 각기 다른 계산 관계로 분리한다. 제작·정적 검수와 조정자 실제 HTML 검수 완료; 미해결 그림 결함0.","signed-versus-saliency; current-tangent-gap; unit-rescaling; sigmoid-saturation"
"I07-03","integrated gradients와 baseline","I07","part-3-interpretability/I07/I07-03-integrated-gradients-baseline.md","1460","E2","V3","verified","측정·개입·시간축과 주장 강도를 분리해 읽도록 설명과 실험 구조를 보강할 가치가 있다. 본문 검증 완료: 3개 개념을 보강하고 1개를 근거와 함께 유지했다. 필수 그림 검수는 수행하지 않아 통합 drafting을 유지한다. 그림 단계: 공동 입력 이동·평균 gradient·좌표별 곱·적분폭/평가점·baseline 차이를 독립 질문으로 연결한다. 제작·정적 검수와 조정자 실제 HTML 검수 완료; 미해결 그림 결함0.","joint-input-path; average-gradient-area; average-times-displacement; right-riemann-width; baseline-attributions; sample-point-rules"
"I07-04","perturbation 기반 귀인","I07","part-3-interpretability/I07/I07-04-perturbation-attribution.md","1361","E2","V3","verified","측정·개입·시간축과 주장 강도를 분리해 읽도록 설명과 실험 구조를 보강할 가치가 있다. 본문 검증 완료: 3개 개념을 보강하고 0개를 근거와 함께 유지했다. 필수 그림 검수는 수행하지 않아 통합 drafting을 유지한다. 그림 단계: 유한 대체 단면·lab 효과·draw 결합 상태·token 위치·순차 제거 경로의 서로 다른 질문을 다룬다. 제작·정적 검수와 조정자 실제 HTML 검수 완료; 미해결 그림 결함0.","replacement-comparisons; lab-baseline-effects; marginal-conditional-draws; token-delete-replace; sequential-removal-paths"
"I07-05","관찰과 개입","I07","part-3-interpretability/I07/I07-05-observation-intervention.md","1266","E1","V3","verified","측정·개입·시간축과 주장 강도를 분리해 읽도록 설명과 실험 구조를 보강할 가치가 있다. 본문 검증 완료: 1개 개념을 보강하고 2개를 근거와 함께 유지했다. 필수 그림 검수는 수행하지 않아 통합 drafting을 유지한다. 그림 단계: 관찰/개입의 유지·절단 경로를 분리하고 출력 차이·paired 평균·overwrite 시점을 별도로 보여 준다. 제작·정적 검수와 조정자 실제 HTML 검수 완료; 미해결 그림 결함0.","observed-computation; intervened-computation; observed-versus-fixed-h; paired-aggregation; hook-timing"
"I07-06","ablation","I07","part-3-interpretability/I07/I07-06-ablation.md","1379","E2","V3","verified","측정·개입·시간축과 주장 강도를 분리해 읽도록 설명과 실험 구조를 보강할 가치가 있다. 본문 검증 완료: 3개 개념을 보강하고 0개를 근거와 함께 유지했다. 필수 그림 검수는 수행하지 않아 통합 drafting을 유지한다. 그림 단계: update/전체 stream·정규화 영향·중복 제거·metric 경계·조작 norm·선형 lab 합계를 각각 구분한다. 제작·정적 검수와 조정자 실제 HTML 검수 완료; 미해결 그림 결함0.","zero-update-skip; layernorm-propagation; redundant-max-paths; margin-versus-decision; change-norm-baselines; linear-lab-additivity"
"I07-07","activation patching","I07","part-3-interpretability/I07/I07-07-activation-patching.md","1606","E1","V3","verified","이전 pilot-complete 기록 보존; 새 본문 기준으로 재확인 완료. 1차 표본 개정 완료: 정의·직관·예시·한계와 본문 연동 SVG를 검증한다. 본문 검증 완료: 3개 개념을 보강하고 0개를 근거와 함께 유지했다. 필수 그림 검수는 수행하지 않아 통합 drafting을 유지한다. 그림 단계: 기존 세 실행 자산을 보존·좁은 가독성 교정하고 recovery 거리/분모·부분 projection·token 정렬·CPU full 교체를 각각 보강한다. 제작·정적 검수와 조정자 실제 HTML 검수 완료; 미해결 그림 결함0.","recovery-metric-span; small-denominator; subspace-partial-patch; source-destination-indices; cpu-full-vector-patch"
"I07-08","causal tracing","I07","part-3-interpretability/I07/I07-08-causal-tracing.md","1293","E2","V3","verified","측정·개입·시간축과 주장 강도를 분리해 읽도록 설명과 실험 구조를 보강할 가치가 있다. 본문 검증 완료: 2개 개념을 보강하고 1개를 근거와 함께 유지했다. 필수 그림 검수는 수행하지 않아 통합 drafting을 유지한다. 그림 단계: 독립 셀 복원·기존코드 heatmap·앞손상 우회·weight 차이·선택 고정의 관계를 분리한다. 제작·정적 검수와 조정자 실제 HTML 검수 완료; 미해결 그림 결함0.","independent-cell-restoration; cpu-recovery-map; late-restoration-bypass; state-versus-weight; discovery-frozen-location"
"I07-09","path patching","I07","part-3-interpretability/I07/I07-09-path-patching.md","1253","E2","V3","verified","측정·개입·시간축과 주장 강도를 분리해 읽도록 설명과 실험 구조를 보강할 가치가 있다. 본문 검증 완료: 2개 개념을 보강하고 1개를 근거와 함께 유지했다. 필수 그림 검수는 수행하지 않아 통합 drafting을 유지한다. 그림 단계: 실제 lab의 base·edge·node 실행을 분리하여 고정된 경로와 재계산된 경로의 효과를 추적하고 receiver 계약과 비선형 조건 의존성을 별도로 표시한다. 제작·정적 검수와 조정자 실제 HTML 검수 완료; 미해결 그림 결함0.","base-two-paths; edge-only-patch; node-all-paths-patch; receiver-specific-residual; relu-base-context"
"I07-10","residual·logit attribution","I07","part-3-interpretability/I07/I07-10-residual-logit-attribution.md","1396","E2","V2","verified","측정·개입·시간축과 주장 강도를 분리해 읽도록 설명과 실험 구조를 보강할 가치가 있다. 본문 검증 완료: 3개 개념을 보강하고 0개를 근거와 함께 유지했다. 필수 그림 검수는 수행하지 않아 통합 drafting을 유지한다. 그림 단계: 같은 readout 방향의 성분별 기여와 target-minus-foil, normalization 순서 및 실행별 고정 분모의 범위를 분리해 비교한다. 제작·정적 검수와 조정자 실제 HTML 검수 완료; 미해결 그림 결함0.","readout-inner-products; target-minus-foil; cpu-contribution-waterfall; normalize-sum-or-parts; shared-scale-accounting; direct-versus-recomputed-removal"
"I07-11","circuit을 그래프로 표현하기","I07","part-3-interpretability/I07/I07-11-circuit-graph.md","1408","E2","V3","verified","측정·개입·시간축과 주장 강도를 분리해 읽도록 설명과 실험 구조를 보강할 가치가 있다. 본문 검증 완료: 2개 개념을 보강하고 1개를 근거와 함께 유지했다. 필수 그림 검수는 수행하지 않아 통합 drafting을 유지한다. 그림 단계: 실제 DAG의 branch/merge·queue·cycle와 max 회로 검증의 세 질문을 분리하여 같은 조건의 graph와 효과를 추적한다. 제작·정적 검수와 조정자 실제 HTML 검수 완료; 미해결 그림 결함0.","cpu-dag-dependencies; topological-ready-queue; cycle-no-ready-node; faithfulness-spare-path; completeness-matched-removal; conditional-minimality"
"I07-12","necessity와 sufficiency","I07","part-3-interpretability/I07/I07-12-necessity-sufficiency.md","1169","E2","V2","verified","측정·개입·시간축과 주장 강도를 분리해 읽도록 설명과 실험 구조를 보강할 가치가 있다. 본문 검증 완료: 2개 개념을 보강하고 1개를 근거와 함께 유지했다. 필수 그림 검수는 수행하지 않아 통합 drafting을 유지한다. 그림 단계: intact 제거/empty 복원의 반대 방향을 실제 max/곱 상태공간에서 추적하고 개선/성공·개별/집합 분석 단위를 구분한다. 제작·정적 검수와 조정자 실제 HTML 검수 완료; 미해결 그림 결함0.","redundancy-two-starts; synergy-two-starts; improvement-versus-success; joint-set-removal"
"I07-13","mediation과 counterfactual","I07","part-3-interpretability/I07/I07-13-mediation-counterfactual.md","1411","E2","V3","verified","측정·개입·시간축과 주장 강도를 분리해 읽도록 설명과 실험 구조를 보강할 가치가 있다. 본문 검증 완료: 3개 개념을 보강하고 0개를 근거와 함께 유지했다. 필수 그림 검수는 수행하지 않아 통합 drafting을 유지한다. 그림 단계: treatment의 두 경로·counterfactual 중간값·상호작용에서 달라지는 두 분해·단위별 mediator 지정·부분/전체 교체를 분리한다. 제작·정적 검수와 조정자 실제 HTML 검수 완료; 미해결 그림 결함0.","treatment-mediator-paths; additive-via-t1; interaction-via-t1; interaction-via-t0; controlled-natural-assignment; mediator-coordinate-whole"
"I07-14","off-manifold intervention","I07","part-3-interpretability/I07/I07-14-off-manifold-intervention.md","1518","E2","V2","verified","측정·개입·시간축과 주장 강도를 분리해 읽도록 설명과 실험 구조를 보강할 가치가 있다. 본문 검증 완료: 3개 개념을 보강하고 0개를 근거와 함께 유지했다. 필수 그림 검수는 수행하지 않아 통합 drafting을 유지한다. 그림 단계: 좌표 관계·수직 residual·표본 거리·projection의 값 변경·base 문맥·CPU output/거리의 서로 다른 질문을 분리해 그린다. 제작·정적 검수와 조정자 실제 HTML 검수 완료; 미해결 그림 결함0.","coordinate-mixing; perpendicular-distance; on-line-but-rare; projection-changes-patch; effect-and-validity; whole-source-base-context"
"I07-15","대조군과 통계 검증","I07","part-3-interpretability/I07/I07-15-controls-statistical-validation.md","1609","E2","V2","verified","측정·개입·시간축과 주장 강도를 분리해 읽도록 설명과 실험 구조를 보강할 가치가 있다. 본문 검증 완료: 4개 개념을 보강하고 0개를 근거와 함께 유지했다. 필수 그림 검수는 수행하지 않아 통합 drafting을 유지한다. 그림 단계: prompt 대응·반복 군집·task-control 차이·paired 재표집·exact 부호·탐색 family를 독립 그림으로 추적한다. 제작·정적 검수와 조정자 실제 HTML 검수 완료; 미해결 그림 결함0.","prompt-paired-differences; task-matched-pairs; exact-sign-flip; candidate-family; prompt-clusters; paired-bootstrap-index"
"I07-16","CoT faithfulness 평가","I07","part-3-interpretability/I07/I07-16-cot-faithfulness.md","1584","E2","V3","verified","측정·개입·시간축과 주장 강도를 분리해 읽도록 설명과 실험 구조를 보강할 가치가 있다. 본문 검증 완료: 2개 개념을 보강하고 2개를 근거와 함께 유지했다. 필수 그림 검수는 수행하지 않아 통합 drafting을 유지한다. 그림 단계: 편집시점/cache·고정/재생성 suffix·indicator·합성 의존성·같은 답의 다른 경로를 분리하고 행동 개입의 주장 경계를 유지한다. 제작·정적 검수와 조정자 실제 HTML 검수 완료; 미해결 그림 결함0.","edited-context-cache; fixed-versus-regenerated-suffix; answer-change-indicators; cpu-rationale-hidden-dependence; null-answer-ignore-repair"
"I07-17","종합 실습: 작은 circuit","I07","part-3-interpretability/I07/I07-17-capstone-small-circuit.md","1566","E2","V2","verified","측정·개입·시간축과 주장 강도를 분리해 읽도록 설명과 실험 구조를 보강할 가치가 있다. 본문 검증 완료: 2개 개념을 보강하고 3개를 근거와 함께 유지했다. 필수 그림 계획이 없어 본문 검증으로 통합 verified를 기록한다. 그림 단계: 알려진 합성식의 branch/merge·상쇄·signed/absolute 평균·swap control의 실제 대상을 추적한다. 제작·정적 검수와 조정자 실제 HTML 검수 완료; 미해결 그림 결함0.","known-copy-gate-graph; cancelling-path-removals; signed-and-absolute-means; swapped-control-equivalence"
"I08-01","checkpoint 연구 설계","I08","part-3-interpretability/I08/I08-01-checkpoint-study-design.md","1308","E2","V3","verified","측정·개입·시간축과 주장 강도를 분리해 읽도록 설명과 실험 구조를 보강할 가치가 있다. 본문 3개 개념 보강·0개 개념 충분성 확인 완료. 기존 그림과 계획은 유지하고 이번 작업에서 그림 검수는 수행하지 않았다. 그림 단계: 불균등 시간 간격, 변화량/평균 변화율, sample 대응/독립 실행, provenance와 token 예산은 서로 다른 질문이다. 실제 step 간격과 반복 단위를 분리해 보여 준다. 제작·정적 검수와 실제 HTML 양 화면·대표 밝은/어두운 테마 검수 완료.","I08-01-checkpoint-spacing; I08-01-interval-rate; I08-01-sample-time-pairing; I08-01-run-versus-checkpoints; I08-01-provenance-contract; I08-01-microbatch-token-count; I08-01-relative-budget"
"I08-02","파라미터 거리와 함수 거리","I08","part-3-interpretability/I08/I08-02-parameter-function-distance.md","1207","E2","V3","verified","측정·개입·시간축과 주장 강도를 분리해 읽도록 설명과 실험 구조를 보강할 가치가 있다. 본문 3개 개념 보강·0개 개념 충분성 확인 완료. 기존 그림과 계획은 유지하고 이번 작업에서 그림 검수는 수행하지 않았다. 그림 단계: 파라미터 좌표 거리, 입력별 함수 거리와 support, hidden 순열 대칭, 출력 metric의 불변성을 독립 질문으로 시각화한다. 제작·정적 검수와 실제 HTML 양 화면·대표 밝은/어두운 테마 검수 완료.","I08-02-weight-coordinate-distance; I08-02-paired-hidden-permutation; I08-02-same-output-grid; I08-02-distribution-support; I08-02-output-metric-invariances"
"I08-03","representation alignment","I08","part-3-interpretability/I08/I08-03-representation-alignment.md","1295","E2","V3","verified","측정·개입·시간축과 주장 강도를 분리해 읽도록 설명과 실험 구조를 보강할 가치가 있다. 본문 3개 개념 보강·0개 개념 충분성 확인 완료. 기존 그림과 계획은 유지하고 이번 작업에서 그림 검수는 수행하지 않았다. 그림 단계: sample 대응/feature 변환·centering·orthogonal 정렬·SVD shape·rank 결손 자유도·scale metric·probe 전달은 서로 다른 관계이다. 제작·정적 검수와 실제 HTML 양 화면·대표 밝은/어두운 테마 검수 완료.","I08-03-row-feature-axes; I08-03-procrustes-shapes; I08-03-unobserved-axis-freedom; I08-03-probe-transfer-contract; I08-03-centering-removes-mean; I08-03-orthogonal-alignment; I08-03-cka-versus-scale-error"
"I08-04","SGD를 동역학으로 보기","I08","part-3-interpretability/I08/I08-04-sgd-as-dynamics.md","1071","E2","V3","verified","측정·개입·시간축과 주장 강도를 분리해 읽도록 설명과 실험 구조를 보강할 가치가 있다. 본문 1개 개념 보강·2개 개념 충분성 확인 완료. 기존 그림과 계획은 유지하고 이번 작업에서 그림 검수는 수행하지 않았다. 그림 단계: 이산 상태 전이·flow의시간재척도·quadratic안정/진동·희소관측·loss감소와pathgeometry를 독립질문으로보여준다. 제작·정적 검수와 실제 HTML 양 화면·대표 밝은/어두운 테마 검수 완료.","I08-04-state-transition; I08-04-discrete-versus-flow; I08-04-quadratic-stability-regimes; I08-04-decreasing-loss-curved-path; I08-04-sparse-checkpoints-hide-path"
"I08-05","mini-batch noise와 optimizer state","I08","part-3-interpretability/I08/I08-05-minibatch-noise-optimizer-state.md","1198","E2","V3","verified","측정·개입·시간축과 주장 강도를 분리해 읽도록 설명과 실험 구조를 보강할 가치가 있다. 본문 2개 개념 보강·1개 개념 충분성 확인 완료. 기존 그림과 계획은 유지하고 이번 작업에서 그림 검수는 수행하지 않았다. 그림 단계: noise 벡터·batch variance·momentum 상태와 순서·restart 경로·one-factor 비교 설계를 독립 관계로 구분한다. 제작·정적 검수와 실제 HTML 양 화면·대표 밝은/어두운 테마 검수 완료.","I08-05-gradient-noise-decomposition; I08-05-same-weight-different-state; I08-05-restart-state-paths; I08-05-one-factor-order-design; I08-05-iid-noise-scaling; I08-05-momentum-order-path"
"I08-06","Hessian spectrum","I08","part-3-interpretability/I08/I08-06-hessian-spectrum.md","1354","E2","V3","verified","측정·개입·시간축과 주장 강도를 분리해 읽도록 설명과 실험 구조를 보강할 가치가 있다. 본문 3개 개념 보강·0개 개념 충분성 확인 완료. 기존 그림과 계획은 유지하고 이번 작업에서 그림 검수는 수행하지 않았다. 그림 단계: eigenvector 곡률·선형항·zero curvature·Rayleigh weighting·step size·HVP·power iteration의 다른 질문을 분리한다. 제작·정적 검수와 실제 HTML 양 화면·대표 밝은/어두운 테마 검수 완료.","I08-06-curvature-directions; I08-06-linear-term-matters; I08-06-zero-curvature-fourth-order; I08-06-rayleigh-weights; I08-06-eigenmode-step-size; I08-06-hvp-differentiation-route; I08-06-power-absolute-dominance"
"I08-07","loss landscape와 mode connectivity","I08","part-3-interpretability/I08/I08-07-loss-landscape-mode-connectivity.md","1277","E2","V3","verified","측정·개입·시간축과 주장 강도를 분리해 읽도록 설명과 실험 구조를 보강할 가치가 있다. 본문 3개 개념 보강·0개 개념 충분성 확인 완료. 기존 그림과 계획은 유지하고 이번 작업에서 그림 검수는 수행하지 않았다. 그림 단계: barrier 높이·zero/nonconstant·grid underestimation·실제 parameter 경로·unit alignment·slice scale을 구분한다. 제작·정적 검수와 실제 HTML 양 화면·대표 밝은/어두운 테마 검수 완료.","I08-07-barrier-reference; I08-07-zero-barrier-nonconstant; I08-07-grid-misses-peak; I08-07-straight-and-curved-paths; I08-07-permutation-interpolation; I08-07-slice-axis-rescaling"
"I08-08","influence function","I08","part-3-interpretability/I08/I08-08-influence-function.md","1435","E2","V3","verified","측정·개입·시간축과 주장 강도를 분리해 읽도록 설명과 실험 구조를 보강할 가치가 있다. 본문 3개 개념 보강·0개 개념 충분성 확인 완료. 기존 그림과 계획은 유지하고 이번 작업에서 그림 검수는 수행하지 않았다. 그림 단계: stationary 미분·inverse 변위·test projection·up/removal·solve잔차·damping·toy finite refit을 별도 질문으로 배치한다. 제작·정적 검수와 실제 HTML 양 화면·대표 밝은/어두운 테마 검수 완료.","I08-08-stationary-implicit-derivative; I08-08-inverse-curvature-displacement; I08-08-test-gradient-projection; I08-08-upweight-removal-sign; I08-08-inverse-solve-residual-loop; I08-08-damping-changes-response; I08-08-ridge-removal-comparison"
"I08-09","feature emergence","I08","part-3-interpretability/I08/I08-09-feature-emergence.md","1522","E1","V3","verified","이전 pilot-complete 기록 보존; 새 본문 기준 재확인 완료. 1차 표본 개정 완료: 정의·직관·예시·한계와 본문 연동 SVG를 검증한다. 본문 1개 개념 보강·2개 개념 충분성 확인 완료. 기존 그림과 계획은 유지하고 이번 작업에서 그림 검수는 수행하지 않았다. 그림 단계: 4증거의개념timeline과별도metric threshold·identity·split/merge·관찰/최초·rule sensitivity·paired resample을 분리한다. 제작·정적 검수와 실제 HTML 양 화면·대표 밝은/어두운 테마 검수 완료.","I08-09-evidence-timeline; I08-09-separate-observed-events; I08-09-candidate-feature-tracks; I08-09-split-merge-correspondence; I08-09-observed-versus-first-ever; I08-09-threshold-rule-sensitivity; I08-09-paired-trajectory-bootstrap"
"I08-10","grokking과 phase transition","I08","part-3-interpretability/I08/I08-10-grokking-phase-transition.md","1285","E2","V3","verified","측정·개입·시간축과 주장 강도를 분리해 읽도록 설명과 실험 구조를 보강할 가치가 있다. 본문 2개 개념 보강·1개 개념 충분성 확인 완료. 기존 그림과 계획은 유지하고 이번 작업에서 그림 검수는 수행하지 않았다. 그림 단계: maintained delayed generalization·transient fit·width·axis transform·thresholded metric을 분리하고 theoretical phase 주장 범위를 유지한다. 제작·정적 검수와 실제 HTML 양 화면·대표 밝은/어두운 테마 검수 완료.","I08-10-observed-generalization-delay; I08-10-transient-fit-counterexample; I08-10-transition-width; I08-10-raw-and-log-step; I08-10-margin-and-quantized-accuracy"
"I08-11","seed와 데이터 순서","I08","part-3-interpretability/I08/I08-11-seed-data-order.md","1208","E1","V3","verified","측정·개입·시간축과 주장 강도를 분리해 읽도록 설명과 실험 구조를 보강할 가치가 있다. 본문 3개 개념 보강·0개 개념 충분성 확인 완료. 기존 그림과 계획은 유지하고 이번 작업에서 그림 검수는 수행하지 않았다. 그림 단계: seed整数/RNG call order·공통변동/paired 차이·SE·covariance조건·개별/평균전환을 각각검토한다. 제작·정적 검수와 실제 HTML 양 화면·대표 밝은/어두운 테마 검수 완료.","I08-11-rng-call-order; I08-11-paired-seed-outcomes; I08-11-paired-standard-error; I08-11-covariance-condition; I08-11-mean-hides-transition"
"I08-12","데이터 귀인 입문","I08","part-3-interpretability/I08/I08-12-data-attribution-introduction.md","1326","E2","V3","verified","측정·개입·시간축과 주장 강도를 분리해 읽도록 설명과 실험 구조를 보강할 가치가 있다. 본문 2개 개념 보강·1개 개념 충분성 확인 완료. 기존 그림과 계획은 유지하고 이번 작업에서 그림 검수는 수행하지 않았다. 그림 단계: training/inference귀인대상·SGD부호·checkpoint좌표pair·η가중합·layer subset·norm/cosine순위를구분한다. 제작·정적 검수와 실제 HTML 양 화면·대표 밝은/어두운 테마 검수 완료.","I08-12-training-and-inference-targets; I08-12-sgd-dot-product-sign; I08-12-checkpoint-gradient-pairs; I08-12-weighted-checkpoint-sum; I08-12-parameter-subset-blocks; I08-12-norm-versus-cosine-ranking"
"I08-13","종합 실습: feature의 생애","I08","part-3-interpretability/I08/I08-13-capstone-feature-lifecycle.md","1769","E2","V3","verified","측정·개입·시간축과 주장 강도를 분리해 읽도록 설명과 실험 구조를 보강할 가치가 있다. 본문 3개 개념 보강·1개 개념 충분성 확인 완료. 기존 그림과 계획은 유지하고 이번 작업에서 그림 검수는 수행하지 않았다. 그림 단계: 네 측정 열의 평균·교차검증·고정-token 개입·NLL은 다른 계산 관계다. 실제 구현의 구조, scale 의존성과 synthetic/actual 단위 분리, 순차 실행 provenance를 서로 다른 질문으로 시각화한다. 제작·정적 검수와 실제 HTML 양 화면·대표 밝은/어두운 테마 검수 완료.","I08-13-condition-mean-scale; I08-13-leave-one-out-centroids; I08-13-whole-mlp-fixed-token-ablation; I08-13-first-token-nll; I08-13-synthetic-real-metric-contracts; I08-13-sequential-checkpoint-provenance"
"M00-01","수, 변수와 상수","M00","part-1-foundations/M00/M00-01-numbers-variables.md","2061","E0","V2","verified","이전 verified 기록 보존; 새 본문 기준으로 재확인 대기. 기호·값, 변수·상수와 문맥별 입력·파라미터 역할이 정의·예제·오해·통과 기준에 모두 연결돼 있어 유지한다. 새 기준 재확인: 네 개념의 정의·대입·문맥별 역할이 본문에서 연결돼 E0로 유지하고 본문 검증을 완료했다. 2026-10-06 그림 재진단: 값·기호, 문맥별 고정, 대입 순서가 서로 다른 관계라 분리했다. 추론·학습·하이퍼파라미터 비교에는 새 실험 없이 설명용 계산값만 사용했다. 정적 검수·범위 보존·새 수치 그림 재현 확인 완료; HTML 통합 대기. 2026-10-06 HTML 검수 완료: 10단원·62자산 로드/본문 연결, 복합 그림 desktop/mobile, 공통 유형 네 조건, 좌표/집합 라벨 수정본 재확인. 원본문·문제 70쌍 보존과 strict build 통과; 최종 전권 검사는 별도.","값·기호 비교 도식；문맥별 고정·변화 비교；세로 계산 흐름；두 문맥의 계산 비교；실행별 하이퍼파라미터 비교"
"M00-02","식, 등식과 방정식","M00","part-1-foundations/M00/M00-02-expressions-equalities-equations.md","1837","E1","V3","verified","이전 verified 기록 보존; 새 본문 기준으로 재확인 대기. 식·등식·방정식과 정의 기호를 대조하는 예가 충분하고 별도 그림 없이도 계산 관계가 명확해 유지한다. 새 기준 재확인: 나머지 설명은 유지하고 양변 연산의 목적·되돌릴 수 있는 조건·해 보존을 본문에 보충해 E1로 검증했다. 2026-10-06 그림 재진단: 식/등호/조건의 역할 비교와 양변의 단계적 보존을 구분했다. 독립 화살표마다 화살촉을 두어 동시 연산의 양쪽 경로를 보인다. 정적 검수·범위 보존·새 수치 그림 재현 확인 완료; HTML 통합 대기. 2026-10-06 HTML 검수 완료: 10단원·62자산 로드/본문 연결, 복합 그림 desktop/mobile, 공통 유형 네 조건, 좌표/집합 라벨 수정본 재확인. 원본문·문제 70쌍 보존과 strict build 통과; 최종 전권 검사는 별도.","세 역할 비교；양변의 병렬 계산 흐름；정의·조건 두 계산 방향"
"M00-03","함수의 입력과 출력","M00","part-1-foundations/M00/M00-03-functions-input-output.md","2421","E1","V2","verified","2026-10-02 본문 설명 보강 승인: 함수 조건·함수와 함수값·대응표·공역의 연결을 풀었다. 기존 SVG 보존; 필수 그림의 통합 검수는 별도 단계다. 2026-10-06 그림 재진단: 기존 평가/좌표 그림을 유지하고 함수 조건의 실패 사례, 함수와 함수값, 공역/치역을 각각 보완했다. 정적 검수·범위 보존·새 수치 그림 재현 확인 완료; HTML 통합 대기. 2026-10-06 HTML 검수 완료: 10단원·62자산 로드/본문 연결, 복합 그림 desktop/mobile, 공통 유형 네 조건, 좌표/집합 라벨 수정본 재확인. 원본문·문제 70쌍 보존과 strict build 통과; 최종 전권 검사는 별도.","기존 계산·좌표 두 패널；유효·다중 출력·누락 대응 비교；고정 규칙과 두 입력의 계산；집합 사이의 대응과 치역 경계"
"M00-04","좌표와 그래프","M00","part-1-foundations/M00/M00-04-coordinates-graphs.md","2674","E1","V3","verified","2026-10-02 본문 설명 보강 승인: 좌표 역할·그래프 읽기·선 연결·절편·곡선의 의미를 풀었다. 기존 SVG 보존; 필수 그림의 통합 검수는 별도 단계다. 2026-10-06 그림 재진단: 기존 두 좌표 그림을 유지하고 부호·읽기 방향·정의역·절편·증감의 서로 다른 좌표 관계를 보완했다. 좌표 격자는 모든 기하 장면에서 유지했다. 정적 검수·범위 보존·새 수치 그림 재현 확인 완료; HTML 통합 대기. 2026-10-06 HTML 검수 완료: 10단원·62자산 로드/본문 연결, 복합 그림 desktop/mobile, 공통 유형 네 조건, 좌표/집합 라벨 수정본 재확인. 원본문·문제 70쌍 보존과 strict build 통과; 최종 전권 검사는 별도.","기존 두 좌표 패널；기존 값 표와 좌표 그래프 대응；눈금·격자를 둔 부호별 좌표；수직·수평 보조선과 포물선；동일 축척의 이산 점·연속 직선；격자·축 교점·좌표 라벨；상반된 두 직선의 변화 비교"
"M00-05","지수와 로그","M00","part-1-foundations/M00/M00-05-exponents-logarithms.md","2501","E1","V3","verified","2026-10-02 본문 설명 보강 승인: 음의 지수·실수 지수·로그의 정의·역관계·로그법칙의 논리를 풀었다. 기존 SVG 보존; 필수 그림의 통합 검수는 별도 단계다. 2026-10-06 그림 재진단: 반복 곱의 묶음, 대입 자리, 밑에 따른 곡선, 역방향 로그와 확률 비중을 분리했다. 숫자표에 머물던 두 초기안은 입력 대입 과정과 실제 곡선으로 재설계했다. 정적 검수·범위 보존·새 수치 그림 재현 확인 완료; HTML 통합 대기. 2026-10-06 HTML 검수 완료: 10단원·62자산 로드/본문 연결, 복합 그림 desktop/mobile, 공통 유형 네 조건, 좌표/집합 라벨 수정본 재확인. 원본문·문제 70쌍 보존과 strict build 통과; 최종 전권 검사는 별도.","기존 exp·log 역함수 수치 그래프；지수·값의 연속 계산 사슬；인수 묶음·괄호 비교；입력의 두 대입 자리와 결과；공통 (0,1)을 둔 두 수치 곡선；지수·로그의 왕복 대응；공통 밑의 곱·지수·합 대응；점수·합·네 단위 확률 분할"
"M00-06","인덱스와 합 기호","M00","part-1-foundations/M00/M00-06-indices-summation.md","2300","E1","V3","verified","첨자 범위와 합 기호를 실제 성분 목록으로 펼친다. 본문 검증 완료: 항 개수·상수 반복·더미 인덱스 변경·평균의 나눗셈·가중치 비중·이중 합의 잔여 인덱스를 보강했다. 기존 시각화 계획은 보존하며 필수 그림 검증은 별도 단계에 남긴다. 2026-10-06 그림 재진단: 항의 위치·반복 범위·균등 분할·가중치·두 축의 합산을 시각화했다. 더미 인덱스의 단순 이름 변경은 독립 그림에서 제외했다. 정적 검수·범위 보존·새 수치 그림 재현 확인 완료; HTML 통합 대기. 2026-10-06 HTML 검수 완료: 10단원·62자산 로드/본문 연결, 복합 그림 desktop/mobile, 공통 유형 네 조건, 좌표/집합 라벨 수정본 재확인. 원본문·문제 70쌍 보존과 strict build 통과; 최종 전권 검사는 별도.","순서 있는 값과 두 위치 번호；양 끝을 포함하는 항의 위치；반복 항의 세 계산과 전체 합；단위 높이·동일한 세 몫；기여량 계산과 수직선 위치；두 인덱스 배열·행 합·전체 합"
"M00-07","집합, 조건과 논리","M00","part-1-foundations/M00/M00-07-sets-conditions-logic.md","2767","E1","V2","verified","집합 연산과 조건문의 참·거짓 범위를 영역으로 구분한다. 본문 검증 완료: 조건 집합의 두 역할·공집합 포함·복합 조건 부정·조건문 반례·대우의 동치를 보강했고 충분한 합집합·교집합·필요충분·양화기 설명은 유지했다. 필수 그림 계획은 보존하며 검수는 별도 단계에 남긴다. 2026-10-06 그림 재진단: 원소/부분집합, 공집합 원소, 선택 영역, 부정한 범위, 포함 방향, 반례와 증인의 독립 관계를 비교한다. 정적 검수·범위 보존·새 수치 그림 재현 확인 완료; HTML 통합 대기. 2026-10-06 HTML 검수 완료: 10단원·62자산 로드/본문 연결, 복합 그림 desktop/mobile, 공통 유형 네 조건, 좌표/집합 라벨 수정본 재확인. 원본문·문제 70쌍 보존과 strict build 통과; 최종 전권 검사는 별도.","원소·집합의 두 포함 장면；빈 경계와 빈 집합을 담은 경계；겹친 집합의 두 선택 영역；수직선·열린/닫힌 끝점 비교；포함 집합과 영역 밖의 2；일부 입력 집합·선택한 반례/증인·판정"
"M00-08","함수 합성과 역함수","M00","part-1-foundations/M00/M00-08-composition-inverse.md","2494","E1","V3","verified","합성의 적용 순서와 역함수의 왕복 조건을 별도 장면으로 보여 준다. 본문 검증 완료: 치역 호환·결합법칙·항등함수의 집합·역함수 입력 이름·전단사의 존재유일성을 보강했다. 필수 그림 계획은 보존하며 검수는 별도 단계에 남긴다. 2026-10-06 그림 재진단: 합성의 중간값·순서·허용 범위와 항등/역방향의 조건을 분리해 여러 계산 경로를 추적한다. 정적 검수·범위 보존·새 수치 그림 재현 확인 완료; HTML 통합 대기. 2026-10-06 HTML 검수 완료: 10단원·62자산 로드/본문 연결, 복합 그림 desktop/mobile, 공통 유형 네 조건, 좌표/집합 라벨 수정본 재확인. 원본문·문제 70쌍 보존과 strict build 통과; 최종 전권 검사는 별도.","두 변환과 중간값의 가로 흐름；두 수직선의 x−2 대응·제외 경계；두 순서의 세로 계산 비교；입력·출력 쪽 항등 경로；정·역방향 연산 사슬；출력값의 두 연산 분기；병합·미도달·전단사의 세 mapping"
"M00-09","스칼라·벡터·행렬의 shape","M00","part-1-foundations/M00/M00-09-scalars-vectors-matrices-shape.md","3210","E1","V3","verified","수학 객체의 축과 shape 표기를 실제 배열 구조에 연결한다. 본문 검증 완료: 성분 대응에서 덧셈·내적·행렬곱 shape을 설명하고 batch 전치·축 지정·layer 이름을 보강했다. 필수 그림 계획은 보존하며 검수는 별도 단계에 남긴다. 2026-10-06 그림 재진단: 배열의 실제 행/열·위치·축 축약·전치·표본별 반복을 시각화한다. 벡터의 기하나 새로운 선형대수 이론은 넣지 않았다. 정적 검수·범위 보존·새 수치 그림 재현 확인 완료; HTML 통합 대기. 2026-10-06 HTML 검수 완료: 10단원·62자산 로드/본문 연결, 복합 그림 desktop/mobile, 공통 유형 네 조건, 좌표/집합 라벨 수정본 재확인. 원본문·문제 70쌍 보존과 strict build 통과; 최종 전권 검사는 별도.","세 종류의 값·열·행열 배열；없는 (1,3) 위치의 배열 비교；성분별 scaling·짝짓기·합산 비교；입력·행 계수·대응 출력 배열；공통 차원과 입력·출력 열의 대응；동일 값의 가로 행·세로 열；두 출력 성분의 위치별 bias 덧셈；각 행의 공통 가중치 계산 흐름；열 bias·전치 행·반복 두 행；두 batch 표·token 행·단일 feature 위치"
"M00-10","AI 수식 해독 연습","M00","part-1-foundations/M00/M00-10-ai-equation-reading.md","3096","E1","V3","verified","긴 AI 수식을 읽는 순서와 shape ledger를 한 흐름에서 추적한다. 본문 검증 완료: class 확률의 전체 logit 의존·공통 분모·정답 성분 선택·파라미터와 표본 합산 및 기존 지식증류의 class 가중평균을 보강했다. 필수 그림 계획은 보존하며 검수는 별도 단계에 남긴다. 2026-10-06 그림 재진단: class 선택과 표본 평균의 다른 축을 실제 예제에서 구분한다. softmax 비중, loss 반응, 평균의 한계, 두 종류 증류 비교를 별도의 장면으로 보완한다. 정적 검수·범위 보존·새 수치 그림 재현 확인 완료; HTML 통합 대기. 2026-10-06 HTML 검수 완료: 10단원·62자산 로드/본문 연결, 복합 그림 desktop/mobile, 공통 유형 네 조건, 좌표/집합 라벨 수정본 재확인. 원본문·문제 70쌍 보존과 strict build 통과; 최종 전권 검사는 별도.","확률 행렬·정답 위치·표본 loss·평균；원점수의 크기와 동일한 class 비중；양수 확률과 음의 로그 수치 곡선；동일 축척의 전후 sample loss·평균；class별 가중치·loss·기여량·합；교사·학생의 두 경로와 두 비교 loss"
"M01-01","변화량과 평균변화율","M01","part-1-foundations/M01/M01-01-change-average-rate.md","2228","E1","V2","verified","두 점의 변화량과 평균변화율을 그래프의 할선 기울기로 연결한다. 본문 검증 완료: 입력 한 단위당 평균·두 변화량의 동시 부호 반전·할선과 곡선의 관계를 보강했다. 변화량 정의와 단위 설명은 유지했다. 필수 그림 계획은 보존하며 검수는 별도 단계에 남긴다. 2026-10-06 그림 재진단: 부호·비율·단위·할선·관측 끝점이라는 서로 다른 관계가 있어 복수 그림이 필요하다. 끝점 숫자만 제시하지 않고 실제 구간과 좌표를 보인다. 정적 검수와 범위 보존·재현 확인 완료; HTML 통합·화면 교차 검수 완료. M01 13페이지 실제 HTML 연결과 복합 자산 76개의 desktop/mobile, 공통 normal·수치·flow 네 조건을 확인했다. 원래 본문 줄과 문제·해설 91쌍 보존 확인.","끝값과 시작값의 순서를 바꾸면 변화량의 부호가 어떻게 바뀌는가? / 위치 변화량을 시간 폭으로 나누면 어떤 단위의 속도가 되는가? / 양 끝 값이 같은 곡선의 중간 값도 일정해야 하는가? / 할선의 가로·세로 변화량과 기울기는 어떻게 연결되는가? / 기준점에 가까운 끝점을 고르면 평균 기울기가 어디로 접근하는가? / 두 관측 끝점만으로 중간 손실 경로까지 알 수 있는가?"
"M01-02","극한의 직관","M01","part-1-foundations/M01/M01-02-limits-intuition.md","2442","E1","V2","verified","좌우 접근과 함수값의 차이를 각각 보아야 극한 조건을 구분할 수 있다. 본문 검증 완료: 극한의 오차 범위·약분과 점값 구분·좌우 일치·무한대의 기준값·h 함수의 유한 극한을 보강했다. 기존 표와 연속성 설명은 유지했다. 필수 그림 계획은 보존하며 검수는 별도 단계에 남긴다. 2026-10-06 그림 재진단: 접근 창, 구멍의 값, 좌우 불일치, 연속성 회복과 무한 성장의 부호는 서로 다른 극한 질문이다. 하나의 접근 화살표로 모두 대체하지 않았다. 정적 검수와 범위 보존·재현 확인 완료; HTML 통합·화면 교차 검수 완료. M01 13페이지 실제 HTML 연결과 복합 자산 76개의 desktop/mobile, 공통 normal·수치·flow 네 조건을 확인했다. 원래 본문 줄과 문제·해설 91쌍 보존 확인.","입력의 작은 창과 출력의 작은 창이 어떻게 대응하는가? / 입력 1의 함수값 7과 주변 곡선의 접근값 2는 어떻게 다른가? / 왼쪽 접근값과 오른쪽 접근값이 다르면 무엇이 실패하는가? / 구멍을 접근값으로 채우면 연속성이 어떻게 회복되는가? / 양쪽에서 모두 양의 무한대로 커지는 곡선은 어떤 모습인가? / 양쪽에서 부호가 다르게 커지는 곡선은 어떤 모습인가? / 차분몫의 입력 h가 0으로 접근할 때 몫은 어디로 접근하는가?"
"M01-03","미분과 순간변화율","M01","part-1-foundations/M01/M01-03-derivative-instantaneous-rate.md","2098","E1","V3","verified","기존 할선 수렴 그림에 difference quotient의 간격 축소를 별도 장면으로 보강한다. 본문 E1: 기준점과 간격, 평가 표기, 접선 식과 민감도의 비 해석을 국소 보충했다. 정의에서의 미분·연속성·좌우 비교는 충분해 유지했다. 본문 검증 완료, 필수 그림 검수는 미완료다. 2026-10-06 그림 재진단: 기존 할선→접선 그림을 유지하면서 상수·직선, 연속인 모서리, 수평 접선의 한계를 별도 비교한다. 정적 검수와 범위 보존·재현 확인 완료; HTML 통합·화면 교차 검수 완료. M01 13페이지 실제 HTML 연결과 복합 자산 76개의 desktop/mobile, 공통 normal·수치·flow 네 조건을 확인했다. 원래 본문 줄과 문제·해설 91쌍 보존 확인.","평가점이 가까워질 때 할선이 접선에 어떻게 가까워지는가? / 상수 그래프와 일정한 기울기의 직선은 어떻게 구분되는가? / 연속인 모서리의 양쪽 기울기가 왜 하나로 정해지지 않는가? / 수평 접선이 있는 점에서도 유한한 이동 후 출력은 달라질 수 있는가? / x²의 입력 3에서 접선의 높이와 기울기는 무엇인가?"
"M01-04","도함수와 그래프","M01","part-1-foundations/M01/M01-04-derivative-and-graphs.md","2327","E1","V2","verified","도함수 값과 원함수 그래프의 증가·감소·극값을 같은 x 위치에서 맞춰 읽는다. 본문 E1: 증가의 비교 대상, 내부 극값의 좌우 부호 논리, 판정 조건과 갱신 크기를 보충했다. 함수·점값 및 높이·기울기 설명은 유지했다. 본문 검증 완료, 필수 그림 검수는 미완료다. 2026-10-06 그림 재진단: 함수 높이와 도함수 부호, 정지점과 극값, 비미분 극값 및 실제 갱신은 같은 그림 하나로 충분하지 않다. 정적 검수와 범위 보존·재현 확인 완료; HTML 통합·화면 교차 검수 완료. M01 13페이지 실제 HTML 연결과 복합 자산 76개의 desktop/mobile, 공통 normal·수치·flow 네 조건을 확인했다. 원래 본문 줄과 문제·해설 91쌍 보존 확인.","함수의 각 입력 위치와 도함수의 같은 입력 위치가 어떻게 연결되는가? / 기울기 0인 점을 지나 계속 증가할 수도 있는가? / 양수인 함수값과 음수인 기울기가 함께 나타날 수 있는가? / 도함수의 부호가 음수에서 양수로 바뀌는 곳은 어떤 극값인가? / 도함수가 없는 모서리에도 최솟값이 있을 수 있는가? / 도함수 반대 방향의 한 번 갱신이 입력과 손실을 어떻게 바꾸는가?"
"M01-05","합·곱·몫의 미분","M01","part-1-foundations/M01/M01-05-sum-product-quotient-rules.md","2059","E2","V2","verified","곱과 몫의 변화율이 각 항의 국소 변화에서 조합되는 구조를 보여 준다. 본문 E2: 합·곱·몫의 규칙을 차분몫과 대수 정리로 연결하고 거듭제곱·평균에 이어지는 논리를 보충했다. 구조 읽기는 유지했다. 본문 검증 완료, 필수 그림 검수는 미완료다. 2026-10-06 그림 재진단: 곱의 두 변화 기여와 작은 교차 조각, 분모 변화의 방향, 인자별 미분 위치와 평균 상쇄를 분리했다. 규칙 분류표는 추가하지 않았다. 정적 검수와 범위 보존·재현 확인 완료; HTML 통합·화면 교차 검수 완료. M01 13페이지 실제 HTML 연결과 복합 자산 76개의 desktop/mobile, 공통 normal·수치·flow 네 조건을 확인했다. 원래 본문 줄과 문제·해설 91쌍 보존 확인.","곱의 변화에는 왜 두 변의 띠와 작은 모서리 조각이 함께 생기는가? / 곱의 미분과 두 도함수의 곱은 실제 기울기 함수에서 어떻게 다른가? / 같은 총량을 더 많은 몫으로 나누면 한 몫의 양은 어떻게 변하는가? / x³의 어느 곱 인자를 미분하는 세 경우가 어떻게 모이는가? / 반대 부호의 표본 기울기가 평균에서 어떻게 상쇄되는가?"
"M01-06","합성함수와 연쇄법칙","M01","part-1-foundations/M01/M01-06-composition-chain-rule.md","2178","E1","V3","verified","합성함수의 중간 변수와 연쇄법칙의 변화율 곱을 두 장면으로 연결한다. 본문 E1: 작은 변화의 전달로 곱의 이유와 평가점을 설명하고 단위 검사의 범위 및 충분조건을 구분했다. 기존 다단계 계산과 곱·합성 비교는 유지했다. 본문 검증 완료, 필수 그림은 미완료다. 2026-10-06 그림 재진단: 순방향 값·국소 도함수·단위·깊은 경로의 곱과 병렬 곱 분기는 계산 경로가 다르다. 조건을 충족하지 않아도 전체 합성이 매끄러운 예도 비교한다. 정적 검수와 범위 보존·재현 확인 완료; HTML 통합·화면 교차 검수 완료. M01 13페이지 실제 HTML 연결과 복합 자산 76개의 desktop/mobile, 공통 normal·수치·flow 네 조건을 확인했다. 원래 본문 줄과 문제·해설 91쌍 보존 확인.","중간 단위가 약분되어 전체 변화율의 단위가 어떻게 남는가? / 같은 국소 도함수를 여러 번 곱하면 변화율 크기가 어떻게 달라지는가? / 합성 경로와 두 분기 출력의 곱은 미분 경로가 어떻게 다른가? / 순방향 값과 경로의 국소 도함수는 어떻게 구분하고 곱하는가? / 내부 모서리가 있어도 전체 합성함수가 매끄러울 수 있는가?"
"M01-07","지수·로그함수의 미분","M01","part-1-foundations/M01/M01-07-exponential-log-derivatives.md","1934","E2","V2","verified","지수·로그함수의 그래프와 각 점의 접선 기울기를 함께 비교한다. 본문 E2: 지수법칙의 차분몫과 로그의 역관계를 미분 규칙에 연결하고 상대 변화·약분·log-sum-exp의 중간 계산을 보충했다. 음의 로그 손실 설명은 유지했다. 본문 검증 완료, 필수 그림은 미완료다. 2026-10-06 그림 재진단: exp 높이/기울기, 밑에 따른 방향, log 입력별 기울기와 손실·확률 비율은 독립 질문이다. 이미 배운 연쇄법칙의 반복 도식은 제외한다. 정적 검수와 범위 보존·재현 확인 완료; HTML 통합·화면 교차 검수 완료. M01 13페이지 실제 HTML 연결과 복합 자산 76개의 desktop/mobile, 공통 normal·수치·flow 네 조건을 확인했다. 원래 본문 줄과 문제·해설 91쌍 보존 확인.","지수함수에서 같은 점의 함수 높이와 접선 기울기는 어떻게 연결되는가? / 밑이 1보다 큰 경우와 작은 경우의 변화 방향은 어떻게 다른가? / 로그의 입력이 커질수록 그 기울기 1/x는 어떻게 달라지는가? / 확률이 작아질수록 음의 로그 기울기 크기는 어떻게 달라지는가? / logsumexp 곡선의 기울기가 왜 0과 1 사이의 비율이 되는가?"
"M01-08","적분과 누적","M01","part-1-foundations/M01/M01-08-integration-accumulation.md","2554","E2","V3","verified","구간 분할의 직사각형 합과 누적함수의 변화를 분리해 보여 준다. 본문 E2: 대표 높이와 폭의 근사, 극한의 표본점 독립성, 부호와 방향 및 누적함수의 차분을 연결했다. 선형성·단위·이산 합 비교는 유지했다. 본문 검증 완료, 필수 그림은 미완료다. 2026-10-06 그림 재진단: 직사각형 세밀화, 부호 상쇄, 적분 방향, 선형성, 단위와 가변 위끝을 서로 다른 면적 관계로 보여 준다. 최종값만으로 누적량을 알 수 없다는 비교도 필요하다. 정적 검수와 범위 보존·재현 확인 완료; HTML 통합·화면 교차 검수 완료. M01 13페이지 실제 HTML 연결과 복합 자산 76개의 desktop/mobile, 공통 normal·수치·flow 네 조건을 확인했다. 원래 본문 줄과 문제·해설 91쌍 보존 확인.","작은 직사각형의 높이와 폭이 어떻게 가중 합을 만드는가? / 같은 구간을 더 잘게 나누면 계단 근사가 곡선에 어떻게 가까워지는가? / 같은 함수의 적분 방향만 바꾸면 부호는 어떻게 바뀌는가? / 두 함수의 합 아래 넓이가 두 기여로 어떻게 나뉘는가? / 적분의 위끝을 옮기면 어떤 새 조각이 누적함수에 더해지는가? / 속도 높이와 시간 폭을 곱하면 왜 이동량 단위가 남는가? / 부호 있는 넓이의 합과 기하학적 넓이의 합은 어떻게 다른가? / 최종값이 같은 두 경로의 누적값도 같아야 하는가?"
"M01-09","미적분의 기본정리","M01","part-1-foundations/M01/M01-09-fundamental-theorem-calculus.md","2246","E2","V3","verified","적분과 미분이 서로 되돌리는 두 방향을 각각 그래프로 확인한다. 본문 E2: 짧은 평균의 극한, 원시함수의 상수 차이, 두 기본정리의 연결과 원시함수 검산을 보충했다. 순변화 및 두 계산 결과의 구분은 유지했다. 본문 검증 완료, 필수 그림은 미완료다. 2026-10-06 그림 재진단: 누적량의 추가 조각과 기울기, 원시함수의 수직 차이, 적분 넓이와 끝점 차이, 정의역과 순변화의 한계를 분리한다. 정적 검수와 범위 보존·재현 확인 완료; HTML 통합·화면 교차 검수 완료. M01 13페이지 실제 HTML 연결과 복합 자산 76개의 desktop/mobile, 공통 normal·수치·flow 네 조건을 확인했다. 원래 본문 줄과 문제·해설 91쌍 보존 확인.","얇은 추가 넓이를 폭으로 나눈 평균 높이는 시작점 높이와 어떻게 연결되는가? / 적분함수의 높이는 누적함수의 어떤 양이 되는가? / 같은 도함수를 갖는 원시함수들은 어떤 모양의 차이를 갖는가? / log|x|의 두 가지 사이에서 왜 0을 가로지르는 적분을 계산할 수 없는가? / 출발 위치로 돌아온 경우 순변화와 총거리는 어떻게 다른가? / 같은 끝점 차이를 만드는 서로 다른 국소 변화율은 어떻게 다른가? / 적분함수 아래 넓이가 원시함수의 양 끝 높이 차이와 어떻게 같은가? / 지수곡선 아래 넓이를 왜 원시함수의 두 높이 차이로 계산할 수 있는가?"
"M01-10","여러 변수와 편미분","M01","part-1-foundations/M01/M01-10-multivariable-partial-derivatives.md","2487","E1","V3","verified","한 표면에서 x와 y 방향을 고정해 움직이는 두 partial derivative를 구분한다. 본문 E1: 그래프 단면, 고정한 변수의 역할과 계수 보존 및 역척도를 국소 보충했다. 점 평가·기호·합성 계산과 0 편미분의 한계는 유지했다. 본문 검증 완료, 필수 그림은 미완료다. 2026-10-06 그림 재진단: 입력 평면·출력 곡면·고정 단면·좌표별 접선·단위 재척도는 공간 관계가 다르므로 복수 장면이 필요하다. 표기 차이와 기존 연쇄법칙은 반복 도식에서 제외한다. 정적 검수와 범위 보존·재현 확인 완료; HTML 통합·화면 교차 검수 완료. M01 13페이지 실제 HTML 연결과 복합 자산 76개의 desktop/mobile, 공통 normal·수치·flow 네 조건을 확인했다. 원래 본문 줄과 문제·해설 91쌍 보존 확인.","두 입력의 점과 하나의 출력 높이는 곡면에서 어떻게 나타나는가? / 한 좌표만 바꾸는 이동은 입력 평면에서 어떻게 구분되는가? / 고정한 변수의 값이 바뀌면 일변수 단면과 기울기는 어떻게 바뀌는가? / 같은 점의 두 좌표 단면이 다른 접선 기울기를 가질 수 있는가? / 같은 물리적 입력을 다른 단위로 쓰면 기울기의 숫자는 어떻게 바뀌는가? / 편미분 0과 유한한 이동 뒤 함수값의 변화는 어떻게 다른가? / w와 b의 편미분은 같은 손실의 어떤 서로 다른 단면 기울기인가? / 기울기 순위와 허용 입력 범위에서의 출력 변화 순위는 어떻게 다른가?"
"M01-11","방향미분과 gradient","M01","part-1-foundations/M01/M01-11-directional-derivative-gradient.md","2358","E2","V3","verified","gradient, level set과 directional derivative의 서로 다른 방향 관계를 분리한다. 본문 E2: 경로 파라미터, 일차 근사에서 내적을 얻는 과정, 단위방향 최대와 gradient 하강·역척도를 설명했다. 열벡터 정의와 국소 해석은 유지했다. 본문 검증 완료, 필수 그림은 미완료다. 2026-10-06 그림 재진단: 입력 방향·경로 출력·그래디언트 성분·단위 방향 비교·실제 갱신·안장점은 서로 다른 벡터 및 곡선 관계다. 재척도 그림은 이전 단원과 중복하지 않는다. 정적 검수와 범위 보존·재현 확인 완료; HTML 통합·화면 교차 검수 완료. M01 13페이지 실제 HTML 연결과 복합 자산 76개의 desktop/mobile, 공통 normal·수치·flow 네 조건을 확인했다. 원래 본문 줄과 문제·해설 91쌍 보존 확인.","같은 방향의 길이 1과 길이 2 벡터는 t에 대한 이동 속도가 어떻게 다른가? / 입력 평면의 경로를 출력 g(t)의 그래프로 바꾸면 어느 기울기가 방향미분인가? / 좌표 편미분 3과 4는 어떻게 길이 5의 벡터를 이루는가? / 단위길이를 고정한 방향 비교에서 변화율의 최대·0·최소는 어디서 얻는가? / 같은 국소 하강 방향이라도 큰 학습률은 손실을 늘릴 수 있는가? / 그래디언트 0인 점의 서로 다른 단면이 위아래로 갈 수 있는가? / 하나의 현재 그래디언트로 두 파라미터를 함께 어떻게 갱신하는가?"
"M01-12","Taylor 근사","M01","part-1-foundations/M01/M01-12-taylor-approximation.md","2133","E2","V2","verified","1차와 2차 Taylor 근사가 기준점 근처에서만 맞는 범위를 비교한다. 본문 E2: 잔차의 도함수 정의 연결, 이차항 계수와 조건, 다변수 공통 평가점·경로 근사를 보충했다. 충분한 접선·다항식·지수로그·모델 한계 설명은 유지했다. 본문만 검증했으며 필수 그림 계획은 미검증 상태로 보존한다. 2026-10-06 그림 재진단: 접선 근사, 잔차의 상대 크기, 이차도함수 반영, 로그 정의역, 다변수 상호작용과 영역 경계를 분리한다. 매끄러운 오차와 모서리 통과 오차는 다른 그림이다. 정적 검수와 범위 보존·재현 확인 완료; HTML 통합·화면 교차 검수 완료. M01 13페이지 실제 HTML 연결과 복합 자산 76개의 desktop/mobile, 공통 normal·수치·flow 네 조건을 확인했다. 원래 본문 줄과 문제·해설 91쌍 보존 확인.","같은 기준점의 값과 기울기를 맞춘 접선은 무엇을 놓치는가? / 제곱함수의 일차 잔차는 왜 이동 크기보다 빠르게 작아지는가? / 값·기울기·이차도함수를 맞추는 근사들은 곡선과 어떻게 달라지는가? / 로그의 일차 근사가 원래 함수의 정의역을 넓히는가? / 현재 선형 영역을 벗어나는 유한한 이동에서 근사가 왜 실패하는가? / 두 좌표 일차 변화의 합에 어떤 상호작용 잔차가 남는가?"
"M01-13","수치미분과 오차","M01","part-1-foundations/M01/M01-13-numerical-differentiation-error.md","2628","E2","V2","verified","step size가 클 때의 truncation error와 작을 때의 roundoff error를 함께 본다. 본문 E2: 후진 이동 방향, 중앙차분의 평균·항 소거, 절단·반올림 오차와 좌표 고정의 중간 논리를 보충했다. 기존 gradient check·ReLU·누적 과제는 유지했다. 본문만 검증했으며 필수 그림 계획은 미검증 상태로 보존한다. 2026-10-06 그림 재진단: 세 차분의 평가점과 폭, 절단오차 차수, 분자 오차 확대, 실제 float64 계산과 좌표별 샘플·비미분점은 서로 다른 원인과 과정이다. 보이는 차분 숫자를 도함수 존재로 오해하지 않게 한다. 정적 검수와 범위 보존·재현 확인 완료; HTML 통합·화면 교차 검수 완료. M01 13페이지 실제 HTML 연결과 복합 자산 76개의 desktop/mobile, 공통 normal·수치·flow 네 조건을 확인했다. 원래 본문 줄과 문제·해설 91쌍 보존 확인.","전진차분은 어떤 두 평가점과 가로·세로 변화량을 사용하는가? / 후진차분은 같은 기준점의 어느 구간을 사용하는가? / 중앙차분 두 평가점의 거리가 왜 2h인가? / 대칭 차분은 작은 h에서 주된 절단오차를 얼마나 빠르게 줄이는가? / 분자 차이의 작은 오차가 작은 h로 나누어지면 얼마나 커지는가? / 실제 float64 계산에서 h를 줄이면 오차가 계속 줄어드는가? / 하나의 다변수 평가점 주변에서 각 좌표 차분의 두 점을 어떻게 고르는가? / 도함수가 없는 모서리에서 세 차분은 왜 다른 숫자를 반환하는가?"
"M02-01","벡터와 벡터 연산","M02","part-1-foundations/M02/M02-01-vectors-vector-operations.md","2295","E1","V3","verified","벡터 성분과 기하 화살표, 덧셈과 scalar multiplication을 별도 장면으로 연결한다. 본문 E1: 차벡터·화살표 평행이동·동일 배율·영벡터 방향 조건과 성분 분배법칙을 보충했다. 충분한 성분·등식 설명은 유지했다. 본문만 검증했으며 필수 그림 계획은 미검증 상태로 보존한다. 2026-10-06 그림 재진단: 순서·연산·이동·부호 변화가 서로 다른 시각적 질문이다. 성분 구조와 실제 좌표 이동을 각각 확인한다. 정적 렌더·본문과 문제 보존 확인, HTML 검수 대기. HTML 검수: 1440×900/390×844, 대표 유형 밝은/어두운 16조건 확인; M02-html-qa.json.","좌표점과 열벡터 대응; 대응 행 비교; 차벡터·역벡터 비교와 두 점 사이 변위; head-to-tail 및 평행사변형; 네 좌표 패널; 출발·복귀 경로; 두 계산 경로의 공통 끝점"
"M02-02","선형결합과 span","M02","part-1-foundations/M02/M02-02-linear-combinations-span.md","2260","E1","V2","verified","두 벡터의 선형결합이 만드는 선·평면과 span 밖의 점을 구분한다. 본문 E1: 고정 재료와 가변 계수, 임의 목표의 표현, 음수 배수·영벡터와 중복 계수를 보충했다. 정의·직선·소속 방정식·닫힘의 충분한 설명은 유지했다. 본문만 검증했으며 필수 그림 계획과 미검증 통합 상태를 보존한다. 2026-10-06 그림 재진단: 한 선·평면·영집합·제약 영역과 계수의 역할을 구분해야 한다. span 정의의 공간 관계와 계수 표현을 나눈다. 정적 렌더·본문과 문제 보존 확인, HTML 검수 대기. HTML 검수: 1440×900/390×844, 대표 유형 밝은/어두운 16조건 확인; M02-html-qa.json.","부호 있는 head-to-tail; 선·평면·삼각형 도달 영역; 원점 직선과 원점 한 점; 두 방향 격자와 목표 벡터; 목표점 분해와 가중 삼각형; 하나의 생성 직선에서 합과 음수 배율; 독립 두 이동과 중복 생성 벡터"
"M02-03","내적, 길이와 각도","M02","part-1-foundations/M02/M02-03-inner-product-length-angle.md","2288","E2","V2","verified","내적의 각도 해석과 projection 성분 해석을 같은 벡터쌍에서 확인한다. 본문 E2: norm 배율, 변위 방향과 거리 대칭, cosine·radian, 영벡터 직교 및 정사영 계수·cosine 약분의 중간 논리를 보충했다. 본문만 검증했으며 필수 그림 계획과 미검증 통합 상태를 보존한다. 2026-10-06 그림 재진단: 내적 값·거리·각도·정사영·cosine이 서로 다른 기하 질문이다. 각 질문의 대상과 측정량을 분리한다. 정적 렌더·본문과 문제 보존 확인, HTML 검수 대기. HTML 검수: 1440×900/390×844, 대표 유형 밝은/어두운 16조건 확인; M02-html-qa.json.","성분 정렬과 곱의 합산; 직각삼각형과 좌표 벡터; 점 연결·차벡터·직각삼각형; 예각·직각·둔각 세 패널; 기울어진 두 방향과 직각 표식; 정사영·직교 잔차 분해; 방향 동일·반대 비교와 거리"
"M02-04","행렬과 행렬곱","M02","part-1-foundations/M02/M02-04-matrices-matrix-multiplication.md","2485","E2","V3","verified","행렬–벡터 곱의 열 선형결합과 행렬곱의 중간 dimension을 분리한다. 본문 E2: 행·열 계산의 동일 성분, 결합법칙의 이중 합, 적용 순서·항등 성분 선택과 행 데이터 전치의 관계를 보충했다. 충분한 배열·행 내적·곱 shape·열 묶음 설명은 유지했다. 본문만 검증했으며 필수 그림 계획과 미검증 통합 상태를 보존한다. 2026-10-06 그림 재진단: 행·열·내적·열결합·행렬곱·합성·전치가 같은 수치 배열에서 서로 다른 구조를 요구한다. 정적 렌더·본문과 문제 보존 확인, HTML 검수 대기. HTML 검수: 1440×900/390×844, 대표 유형 밝은/어두운 16조건 확인; M02-html-qa.json.","행렬 행·열·대표 원소 강조; 행별 정렬·합산; 실제 좌표 head-to-tail; shape 연결과 행·열 교차; 입력 열 분리와 출력 열 재결합; 좌표 합성 순서 비교; 대각 선택 연결; 표본 행·weight 행·전치 후 열 구조"
"M02-05","행렬을 선형변환으로 보기","M02","part-1-foundations/M02/M02-05-matrix-as-linear-transformation.md","2800","E2","V3","verified","이전 pilot-complete 기록 보존; 새 본문 기준으로 재확인 대기. 개념별 재진단에 따라 기저·격자·대표 변환·선형과 비선형의 경계를 서로 다른 그림으로 보강했다. 본문 E2 재감사 완료: 선형결합의 두 계산 순서·성분 분배, 열 선택·직선의 한 점 붕괴, 축 배율·회전 열과 투영 소실 및 편향·ReLU의 덧셈 조건을 실제 본문에 보충했다. 기존 그림·캡션·안내만으로 본문 완료를 승계하지 않았다. 본문만 검증했고 기존 그림 계획과 미검증 통합 상태를 보존한다. 2026-10-06 그림 재진단: 승인된 기저·격자·변환 비교 그림은 유지하고 보존되는 합, 반사, 투영 소실, 합성 순서를 보강한다. 정적 렌더·본문과 문제 보존 확인, HTML 검수 대기. HTML 검수: 1440×900/390×844, 대표 유형 밝은/어두운 16조건 확인; M02-html-qa.json.","입력/출력 좌표에서 head-to-tail; 승인된 기저 변환과 격자; 좌우 좌표 반사와 기존 변환 비교; 기존 회전/투영 비교와 서로 다른 점의 같은 출력; 회전 후 확대의 세 좌표 단계; 승인된 변환 종류 비교"
"M02-06","연립방정식과 역행렬","M02","part-1-foundations/M02/M02-06-linear-systems-inverse.md","2496","E2","V3","verified","연립방정식의 교점과 역변환의 존재 조건을 rank와 연결한다. 본문 E2: 행 연산의 역연산과 사다리꼴, 자유변수·역곱의 해 존재·유일성 및 2×2 공식의 비영·영 분모 논리를 보충했다. 합성 역과 우변 하나의 풀이 범위도 연결했다. 본문만 검증했고 기존 그림 계획과 미검증 통합 상태를 보존한다. 2026-10-06 그림 재진단: 해집합, 행 연산, 정보 소실과 되돌림은 각각 변환 전후나 교차 관계를 요구한다. 정적 렌더·본문과 문제 보존 확인, HTML 검수 대기. HTML 검수: 1440×900/390×844, 대표 유형 밝은/어두운 16조건 확인; M02-html-qa.json.","두 직선과 행 연산 뒤 새 직선; 교차·평행·일치 세 패널; 세 좌표의 왕복 변환; kernel 방향 소실과 출력 image; 소실 비교 및 합성 역순 추적; 한 solve와 여러 basis solve의 조립"
"M02-07","선형독립, 기저와 차원","M02","part-1-foundations/M02/M02-07-linear-independence-basis-dimension.md","2372","E2","V3","verified","선형독립, basis와 dimension은 생성 범위와 중복 방향을 각각 보아야 한다. 본문 E2: 비영 계수의 중복 표현, 표준기저의 두 조건, 두 좌표 목록 차이와 유일성 및 부분공간 차원·새 계수의 역할을 보충했다. 충분한 동차계·pivot 수 설명은 유지했다. 본문만 검증했고 기존 그림 계획과 미검증 통합 상태를 보존한다. 2026-10-06 그림 재진단: 독립성의 비자명 영결합, 기저의 두 조건, 좌표 유일성 및 차원/기저 변화는 서로 다른 대상이다. 정적 렌더·본문과 문제 보존 확인, HTML 검수 대기. HTML 검수: 1440×900/390×844, 대표 유형 밝은/어두운 16조건 확인; M02-html-qa.json.","닫힌 벡터 경로; 열·pivot·free coefficient 구조; 기존 두 독립성 그림 공유; 선 하나·중복 평면·독립 평면 비교; 계수 공간의 한 점과 직선; 3차원 안의 선·평면; 두 기저의 head-to-tail 좌표"
"M02-08","kernel, image와 rank","M02","part-1-foundations/M02/M02-08-kernel-image-rank.md","2620","E2","V3","verified","kernel, image와 rank-nullity를 입력·출력 공간의 부분공간으로 구분한다. 본문 E2 검증: kernel 닫힘·입력 이동, 열 span의 양방향, 소거 관계 보존·pivot 기저, 자유변수 기저와 차원, 해집합의 역방향 및 square/rectangular 조건을 보충했다. 기존 selected 진단·V3 계획을 보존하며 그림 검수는 남아 있다. 2026-10-06 그림 재진단: kernel·image는 다른 공간의 집합이며 입력 fibre·pivot 원본·방향 계수와 해의 조건을 나눠 확인한다. 정적 렌더·본문과 문제 보존 확인, HTML 검수 대기. HTML 검수: 1440×900/390×844, 대표 유형 밝은/어두운 16조건 확인; M02-html-qa.json.","입력 kernel과 출력 영점; 평행 입력 fibre와 출력 점; 3차원 output image와 바깥 목표; 원본 열공간과 rref 열공간 비교; R³ basis 방향→R² image 대응; 기존 image 및 fibre 공유; full row rank 및 nonzero kernel"
"M02-09","직교기저와 정사영","M02","part-1-foundations/M02/M02-09-orthogonal-basis-projection.md","2663","E2","V3","verified","직교기저의 좌표 읽기와 projection의 평행·수직 성분을 분리한다. 본문 E2 검증: Q transpose Q의 원소, 부분공간 밖 계수의 뜻, 직교 잔차·최소의 유일성, Gram-Schmidt의 비영·span, 최소제곱 출력/계수와 norm 비율 조건을 보충했다. 기존 selected 진단·V3 계획을 보존한다. 2026-10-06 그림 재진단: 정규화·좌표·투영·최단성·직교화·최소제곱을 개별 기하와 단계 흐름으로 연결한다. 정적 렌더·본문과 문제 보존 확인, HTML 검수 대기. HTML 검수: 1440×900/390×844, 대표 유형 밝은/어두운 16조건 확인; M02-html-qa.json.","같은 방향과 unit circle 비교; 정규화 전후 방향; 직교 방향 head-to-tail; R³의 평면 projection; 후보 거리의 직각삼각형; projection의 재적용 불변 공유; 원래 벡터→projection 제거→normalize; 열공간 직선·목표·직교 잔차"
"M02-10","determinant의 최소 이해","M02","part-1-foundations/M02/M02-10-determinant-minimum.md","2324","E2","V3","verified","determinant의 면적 배율, orientation과 singularity를 다른 사례로 비교한다. 본문 E2 검증: 밑변·수직 내적으로 면적식을 연결하고 단위 도형·orientation·열 종속과 kernel, 합성의 절댓값 및 소거 배율 복원을 보충했다. 기존 selected 진단·V3 계획을 보존한다. 2026-10-06 그림 재진단: determinant를 원소 공식만이 아니라 면적·순서·붕괴·합성·조건수와의 차이로 확인한다. 정적 렌더·본문과 문제 보존 확인, HTML 검수 대기. HTML 검수: 1440×900/390×844, 대표 유형 밝은/어두운 16조건 확인; M02-html-qa.json.","unit square→parallelogram; 같은 척도의 변환 전후; identity·rotation·reflection 비교; rank1 line collapse; 1→2→6 세 사각형; 세 행 연산의 도형 변화; 정사각형과 길고 얇은 직사각형"
"M02-11","고유값과 고유벡터","M02","part-1-foundations/M02/M02-11-eigenvalues-eigenvectors.md","2372","E2","V3","verified","일반 벡터와 eigenvector의 방향 변화를 비교하고 반복 적용을 추적한다. 본문 E2 검증: 특성식·선형 반복·대각화 좌표와 독립성·전단 반례의 연결을 보충했다. 기존 selected 진단과 V3 계획을 유지한다. 2026-10-06 그림 재진단: 방향 보존, kernel, 반복, 고유좌표 및 대각화 실패의 다른 원인을 개별 그림으로 구분한다. 정적 렌더·본문과 문제 보존 확인, HTML 검수 대기. HTML 검수: 1440×900/390×844, 대표 유형 밝은/어두운 16조건 확인; M02-html-qa.json.","고유방향 두 개와 일반 방향 비교; 고유공간 그림 공유; 두 eigenspace 직선과 원점 제외; 세 반복 벡터 행; 네 좌표 단계; shear 반복과90도 회전"
"M02-12","대칭행렬과 스펙트럼 정리","M02","part-1-foundations/M02/M02-12-symmetric-matrices-spectral-theorem.md","2163","E2","V3","verified","대칭행렬의 직교 eigenbasis와 spectral decomposition을 공간 변환으로 읽는다. 기존 E1·selected 진단을 보존하되 실제 본문은 E2로 재평가했다. 직교 증명·전체 기저의 역·quadratic 전개·행렬함수 조건을 보충하고 회전과 직교 변환을 구분했다. V2 계획은 유지한다. 2026-10-06 그림 재진단: 대칭의 원소 대응, 직교 고유방향, spectral 좌표 흐름과 quadratic form 부호 영역을 분리한다. 정적 렌더·본문과 문제 보존 확인, HTML 검수 대기. HTML 검수: 1440×900/390×844, 대표 유형 밝은/어두운 16조건 확인; M02-html-qa.json.","주대각 대칭 쌍 강조; 기울어진 orthonormal directions와 배율; 기저 및 계산 단계 공유; 4단계 공통 척도 벡터; 세 계수평면의 부호 구역"
"M02-13","특이값분해","M02","part-1-foundations/M02/M02-13-singular-value-decomposition.md","2680","E2","V3","verified","기존 3단계 SVD 그림에 singular direction과 rank-k approximation을 보강한다. 본문 E2 검증: 직사각 좌표·PSD 곱·compact rank·norm 상한·잔차 오차·반복값 대응을 보충했다. 기존 selected 진단·그림과 V3 계획은 유지한다. 2026-10-06 그림 재진단: 기존3단계 그림의 norm/축/화살촉 오류를 정정하고 직사각 image, 성분 합·truncation, Gram 제곱 배율, 기저 자유도를 보완한다. 정적 렌더·본문과 문제 보존 확인, HTML 검수 대기. HTML 검수: 1440×900/390×844, 대표 유형 밝은/어두운 16조건 확인; M02-html-qa.json.","R²→R³ image plane; 고정 좌표축에서 원→타원4단계 및 직사각 예시; singular direction별 두 번의 증폭; 미사용 출력 축 및 성분 분해 공유; 타원 최대 반지름 및 singular gains 공유; 직교 rank1 합 및 버린 잔차; paired bases 회전 및 고정 입력 출력"
"M02-14","공분산과 PCA","M02","part-1-foundations/M02/M02-14-covariance-pca.md","2603","E2","V3","verified","공분산 ellipse의 주축과 PCA projection, 설명분산을 단계별로 확인한다. 본문 E2 검증: 중심화·열 내적·분산 최대화·trace·SVD·행 재구성·스케일 조건을 연결했다. 기존 selected 진단과 V3 계획은 유지한다. 2026-10-06 그림 재진단: 중심화 이동·편차 곱 부호·projection 분산·평균 복원·feature scale 변화는 실제 점과 방향을 비교해야 한다. 정적 렌더·본문과 문제 보존 확인, HTML 검수 대기. HTML 검수: 1440×900/390×844, 대표 유형 밝은/어두운 16조건 확인; M02-html-qa.json.","동일 표본 전후 좌표; 세 centered sample sets; 두 feature 방향과 scalar scores; projection variance 공유; unit feature direction→4개 score 공유; centered projection→mean-added affine line; 같은4점 전후와 실제 eigen direction"
"M02-15","norm과 condition number","M02","part-1-foundations/M02/M02-15-norm-condition-number.md","2673","E2","V3","verified","서로 다른 norm의 unit ball과 condition number가 만드는 오차 증폭을 비교한다. 기존 E1·selected 진단을 보존하되 본문은 E2로 재평가했다. 정규화 상한·역 특이배율·상대오차 유도·determinant 곱·직사각 정규방정식의 κ를 연결했다. V2 계획은 유지한다. 2026-10-06 그림 재진단: norm별 unit 경계, 최대/합산 행렬 크기, 배율 비, 역오차 방향과 normal equation의 변화를 구분한다. 정적 렌더·본문과 문제 보존 확인, HTML 검수 대기. HTML 검수: 1440×900/390×844, 대표 유형 밝은/어두운 16조건 확인; M02-html-qa.json.","norm unit boundaries 공유; diamond·circle·square 비교; 면적9와1의 합과 spectral ellipse; unit circle의 image ellipse와 bound circle; 세 image circles/ellipse; magnified error coordinate plots; I와diag(2,1/2) 공유; 동일unit circle을두map에각각적용"
"M03-01","추상 벡터공간","M03","part-1-foundations/M03/M03-01-abstract-vector-spaces.md","2476","E2","V2","verified","좌표 벡터뿐 아니라 함수와 행렬도 같은 vector-space 공리를 만족함을 비교한다. 본문 재검토에서 공리 상속·다항식 기저·좌표 선형성의 여러 연결을 보강하여 기존 E1을 E2로 갱신했다. 그림 계획은 유지한다. 2026-10-06 그림 재진단: 함수 벡터의 연산·영함수·기저·계수와 부분공간 닫힘은 서로 다른 시각적 질문이다. 실제 함수 곡선과 좌표 반례로 분리했다. 모든 자산 정적 렌더·범위 보존·수치53개 재현 확인 완료; HTML 통합 검수 대기. HTML 검수: 104그림 DOM 연결·복합 자산 desktop/mobile·대표 8조건 완료; M03-html-qa.json.","함수 두 개를 벡터로 더한다는 것은 같은 입력에서 어떤 높이들을 더하는가? / 함수 벡터를 3배 하면 그래프의 각 값은 어떻게 바뀌는가? / 한 점에서 값이 0인 함수와 공간의 영벡터인 영함수는 어떻게 다른가? / 다항식 공간의 기저 1,t,t²는 어떤 서로 다른 함수인가? / 계수 (2,−1,3)는 기저함수들을 어떻게 조립해 하나의 다항식을 만드는가? / x+y=0인 두 벡터를 더하거나 배율을 바꾸어도 같은 선에 남는가? / x+y=1인 선은 왜 같은 덧셈과 스칼라곱에서 닫혀 있지 않은가?"
"M03-02","선형사상과 행렬 표현","M03","part-1-foundations/M03/M03-02-linear-maps-matrix-representation.md","2509","E2","V3","verified","추상 선형사상과 기저를 고른 뒤 얻는 행렬 표현을 분리한다. 본문 재검토에서 선형성 동치·열 좌표식·합성 기저·kernel/image 대응을 보강하여 기존 E1을 E2로 갱신했다. 그림 계획은 유지한다. 2026-10-06 그림 재진단: 추상 사상과 좌표 계산의 대응, 합성 순서, 중간 기저, kernel의 정보 소실을 각 계산 경로와 곡선으로 추적한다. 모든 자산 정적 렌더·범위 보존·수치53개 재현 확인 완료; HTML 통합 검수 대기. HTML 검수: 104그림 DOM 연결·복합 자산 desktop/mobile·대표 8조건 완료; M03-html-qa.json.","원점을 지나는 x²도 두 배 입력과 두 배 출력의 경로가 달라질 수 있는가? / 다항식 미분과 계수 열에 행렬을 곱하는 경로는 어떻게 같은 출력에 도착하는가? / 입력 열벡터에 T 다음 S를 적용할 때 왜 오른쪽 행렬부터 작용하는가? / 같은 숫자 열을 다른 중간 기저로 읽으면 다음 사상의 출력이 왜 달라지는가? / 미분 입력의 상수항 차이는 그래프에서 어떻게 나타나는가? / 상수항이 다른 세 다항식이 왜 하나의 도함수 그래프로 겹치는가? / 입력 기저함수의 도함수를 출력 좌표로 기록하면 미분행렬의 각 열이 어떻게 생기는가?"
"M03-03","기저변환과 좌표 의존성","M03","part-1-foundations/M03/M03-03-change-of-basis-coordinate-dependence.md","2856","E2","V3","verified","같은 벡터의 서로 다른 좌표와 similarity transform의 전후를 추적한다. 좌표 왕복·열 선택·불변량 근거·수동/능동의 동일 계산을 보강했다. 충분한 similarity 유도와 기존 그림 계획은 유지한다. 2026-10-06 그림 재진단: 고정된 벡터와 바뀐 계수, 기저 열, similarity 경로, norm, 능동 끝점 이동을 혼동하지 않도록 분리한다. 모든 자산 정적 렌더·범위 보존·수치53개 재현 확인 완료; HTML 통합 검수 대기. HTML 검수: 104그림 DOM 연결·복합 자산 desktop/mobile·대표 8조건 완료; M03-html-qa.json.","벡터 (4,2)를 표준기저 성분으로 조립하는 이동은 어떻게 생기는가? / 3b₁+b₂는 어떻게 같은 끝점에 도달하면서 좌표 계수만 다르게 만드는가? / 기저변환행렬의 두 열은 어떤 기저벡터의 어느 좌표인가? / 새 기저에서 연산하려면 입력 좌표변경·원래 연산·출력 좌표변경을 어떤 순서로 거치는가? / 기저벡터의 좌표 norm 1과 실제 길이 √2는 왜 다른가? / 같은 행렬 숫자를 능동 사상으로 사용하면 좌표 재기록과 달리 어떤 끝점이 움직이는가?"
"M03-04","불변량과 equivariance 입문","M03","part-1-foundations/M03/M03-04-invariants-equivariance.md","2792","E2","V3","verified","invariant와 equivariant 출력이 group action 아래 어떻게 달라지는지 비교한다. 불변성 양화 조건·순열 작용·출력 규칙·정렬의 rank/Gram 계산을 여러 절에서 보강하여 기존 E1을 E2로 갱신했다. 그림 계획은 유지한다. 2026-10-06 그림 재진단: 허용 변환별로 길이·거리·rank 및 출력 위치의 보존이 다르므로 실제 전후 좌표와 permutation 경로를 비교한다. 모든 자산 정적 렌더·범위 보존·수치53개 재현 확인 완료; HTML 통합 검수 대기. HTML 검수: 104그림 DOM 연결·복합 자산 desktop/mobile·대표 8조건 완료; M03-html-qa.json.","가역인 수평 2배 변환도 벡터 길이를 보존하지 않을 수 있는가? / 직교 회전 전 두 벡터의 길이·사이 거리를 어떤 좌표로 읽는가? / 회전 뒤 좌표가 달라져도 어떤 길이와 각도 관계가 남는가? / 성분의 순서를 바꾸어도 합이라는 출력에는 무엇이 남고 무엇이 사라지는가? / 입력 permutation 뒤 제곱하는 경로와 제곱 뒤 출력 permutation 경로가 어떻게 일치하는가? / 같은 이름의 표본 세 개는 원래 feature 좌표에서 어떻게 배치되는가? / 표본 행렬의 오른쪽 직교 곱은 표본 간 거리를 어떻게 유지하는가? / 가역 feature stretching에서 rank와 표본 간 거리는 각각 어떻게 달라지는가?"
"M03-05","부분공간, 직합과 분해","M03","part-1-foundations/M03/M03-05-subspaces-direct-sums-decomposition.md","2599","E2","V3","verified","부분공간의 포함, 교집합과 direct-sum decomposition을 서로 다른 공간 관계로 본다. 충분한 교집합·직합 유일성 증명은 유지하고 차원 기저·여공간 선택·직교분해의 중간 논리를 보강했다. 그림 계획은 유지한다. 2026-10-06 그림 재진단: 합과 합집합, 공유 방향, 여공간 선택, 정사영 및 제곱 norm은 별개 공간 관계이므로 각각 표현한다. 모든 자산 정적 렌더·범위 보존·수치53개 재현 확인 완료; HTML 통합 검수 대기. HTML 검수: 104그림 DOM 연결·복합 자산 desktop/mobile·대표 8조건 완료; M03-html-qa.json.","두 부분공간에서 하나씩 고른 벡터의 합은 왜 두 집합의 합집합 밖에 있을 수 있는가? / 두 부분공간이 한 방향을 공유하면 같은 벡터를 어떻게 서로 다르게 분해하는가? / 두 공간이 공유한 기저 방향을 왜 전체 차원에서 한 번 빼야 하는가? / 수직 여공간을 고르면 (3,2)의 두 성분은 어떤 끝점들인가? / 대각선 여공간을 고르면 같은 벡터의 분해 성분이 어떻게 달라지는가? / activation의 정사영과 직교 잔차는 어떻게 합쳐 원래 벡터를 만드는가? / 직교 두 성분의 제곱 norm 8과 6은 왜 전체 제곱 norm 14로 합쳐지는가?"
"M03-06","동치관계와 몫공간","M03","part-1-foundations/M03/M03-06-equivalence-relations-quotient-spaces.md","2851","E2","V3","verified","동치류가 원소를 묶고 quotient map이 각 묶음을 한 점으로 보내는 과정을 보여 준다. 충분한 부분공간 동치 증명은 유지하고 분할·coset·몫 연산·quotient map·image 대응을 보강했다. 그림 계획은 유지한다. 2026-10-06 그림 재진단: 동치류는 대표원 한 점이 아닌 전체 집합이다. 분할·평행선·대표원 독립 연산·quotient collapse·대표원 선택을 나눴다. 모든 자산 정적 렌더·범위 보존·수치53개 재현 확인 완료; HTML 통합 검수 대기. HTML 검수: 104그림 DOM 연결·복합 자산 desktop/mobile·대표 8조건 완료; M03-html-qa.json.","다른 정수들을 같은 나머지 동치류로 묶으면 어떤 분할이 생기는가? / 수평 부분공간 방향의 차이와 수직 차이는 동치류를 어떻게 구분하는가? / 대표원을 바꾸어 두 점을 더해도 결과는 왜 같은 높이의 coset인가? / 대표원의 배율을 바꾸면 coset 전체의 높이는 어떻게 바뀌는가? / quotient map은 어떤 입력선 전체를 하나의 출력 벡터로 보내는가? / 상수 차이로 묶은 다항식 coset 하나가 왜 같은 도함수에 대응하는가? / coset 전체를 하나로 묶는 것과 정사영으로 대표원 하나를 고르는 것은 어떻게 다른가?"
"M03-07","쌍대공간과 covector","M03","part-1-foundations/M03/M03-07-dual-spaces-covectors.md","2855","E2","V2","verified","vector, covector와 pairing을 level set과 방향 변화로 구분한다. 본문: dual basis의 생성·독립, 역좌표변환과 metric gradient 계산을 보강했다. 그림은 변경하지 않았다. 2026-10-06 그림 재진단: covector가 scalar를 읽는 관계, dual 계수, 반대 좌표변환, metric-dependent gradient를 실제 측정과 벡터로 구분한다. 모든 자산 정적 렌더·범위 보존·수치53개 재현 확인 완료; HTML 통합 검수 대기. HTML 검수: 104그림 DOM 연결·복합 자산 desktop/mobile·대표 8조건 완료; M03-html-qa.json.","벡터 끝점이 φ=6인 등측정선에 놓인다는 것은 무엇을 읽는가? / 두 covector의 합은 벡터를 따로 읽어 값을 더하는 경로와 어떻게 같아지는가? / 첫 dual basis 함수는 기저벡터와 일반 벡터에서 어느 계수만 읽는가? / 둘째 dual basis 함수는 같은 벡터에서 어떻게 둘째 계수만 읽는가? / 벡터와 covector 좌표를 반대로 바꾸면 같은 scalar가 어떻게 유지되는가? / 서로 다른 내적에서 같은 differential을 나타내는 gradient는 어떻게 다르게 생기는가?"
"M03-08","bilinear form과 quadratic form","M03","part-1-foundations/M03/M03-08-bilinear-quadratic-forms.md","3027","E2","V3","verified","bilinear form의 두 입력과 quadratic form의 level set을 분리한다. 본문: 이중 기저 전개·대칭 조건·교차항·score 공간 구분을 보강해 E2로 조정했다. 그림은 변경하지 않았다. 2026-10-06 그림 재진단: 각 자리 선형성과 공동 이차 배율, 정부호 조건, 교차항, skew 상쇄, 두 자리 좌표변환을 각각 다른 계산/곡선으로 보여 준다. 모든 자산 정적 렌더·범위 보존·수치53개 재현 확인 완료; HTML 통합 검수 대기. HTML 검수: 104그림 DOM 연결·복합 자산 desktop/mobile·대표 8조건 완료; M03-html-qa.json.","둘째 입력을 고정하면 bilinear 출력은 첫 입력의 배율을 어떻게 따라가는가? / 두 입력을 동시에 a배 하면 왜 출력이 a가 아니라 a²배인가? / 행렬의 각 원소는 어떤 두 입력 성분의 곱에 가중치를 주는가? / 양의 정부호 quadratic form의 영값은 왜 원점에만 있고 등고선은 어떻게 둘러싸는가? / 양의 준정부호 식에서는 어떤 비영 방향 전체가 영값을 주는가? / 교차항 2xy는 같은 값의 등고선과 지정 입력의 값을 어떻게 바꾸는가? / 영행렬이 아닌 skew 부분도 같은 벡터의 두 교차항에서 어떻게 상쇄되는가? / 두 입력의 좌표를 바꾸는 경로와 bilinear 행렬을 PᵀAP로 바꾸는 경로는 어떻게 만나는가? / query/key 투영 뒤 내적과 원래 두 입력의 bilinear 식은 어떻게 같은 score를 만드는가?"
"M03-09","tensor와 multilinear map","M03","part-1-foundations/M03/M03-09-tensors-multilinear-maps.md","3127","E2","V3","verified","multilinear map의 여러 입력 slot과 basis change에 따른 tensor 성분 변화를 보여 준다. 본문: 슬롯별 전개·기저변환·outer product·contraction을 보강했다. 그림은 변경하지 않았다. 2026-10-06 그림 재진단: tensor의 입력 자리·성분·기저변환·contraction과 ML 배열의 축 의미를 실제 작은 인덱스 배열로 추적한다. 모든 자산 정적 렌더·범위 보존·수치53개 재현 확인 완료; HTML 통합 검수 대기. HTML 검수: 104그림 DOM 연결·복합 자산 desktop/mobile·대표 8조건 완료; M03-html-qa.json.","세 입력 자리 중 하나의 배율과 세 자리 동시 배율은 출력에 어떻게 다르게 들어오는가? / order-3 covariant tensor의 새 성분에는 왜 기저변환 계수가 세 자리에서 하나씩 들어오는가? / 두 벡터의 각 성분 곱이 만드는 행렬은 왜 order 2이면서 rank 1인가? / 셋째 입력의 계수를 두 slice에 곱해 합하면 어떤 인덱스가 사라지는가? / 2×3×4 배열에서 batch·token·feature 축은 어떤 위치를 구분하는가? / QKᵀ에서 합쳐지는 feature 축과 남는 두 token 축은 무엇인가? / AV에서 합쳐지는 source token 축과 출력에 남는 축은 무엇인가?"
"M03-10","total derivative와 differential","M03","part-1-foundations/M03/M03-10-total-derivative-differential.md","2705","E2","V3","verified","total derivative, differential과 gradient의 타입을 입력 공간과 출력 공간 사이에서 구분한다. 본문: 잔차 조건·좌표축과 방향의 차분·합성 잔차를 보강했다. 그림은 변경하지 않았다. 2026-10-06 그림 재진단: 선형근사 조건은 상대 오차다. 변화와 출력점을 구분하고, 좌표축 편미분만으로 부족한 대각선 반례와 합성 기준점을 보인다. 모든 자산 정적 렌더·범위 보존·수치53개 재현 확인 완료; HTML 통합 검수 대기. HTML 검수: 104그림 DOM 연결·복합 자산 desktop/mobile·대표 8조건 완료; M03-html-qa.json.","입력 변화가 작아질 때 선형근사의 오차를 변화 크기로 나눈 비율도 0으로 가는가? / 선형사상이 만든 출력 변화와 기존 출력에 이를 더한 새 예측점은 어떻게 다른가? / 합성 선형근사에서 바깥 derivative는 어느 중간점에서 계산하며 변화를 어떤 순서로 보내는가? / 두 좌표축의 편미분이 0이어도 대각선에서 다른 변화가 생길 수 있는가? / 대각선으로 가까워질 때 상대 오차가 1/2로 남으면 왜 total derivative 조건을 만족하지 못하는가?"
"M03-11","Jacobian","M03","part-1-foundations/M03/M03-11-jacobian.md","2800","E2","V3","verified","이전 pilot-complete 기록 보존; 새 본문 기준으로 재확인했다. 점과 화살표만으로는 국소 선형화를 읽기 어려워 행·열 의미와 좌표격자·기준점·오차를 분리해 보강했다. 본문: 행의 성분 합·국소 잔차·JVP 배율·층별 대각 곱과 SVD 연결을 보강했다. 그림은 변경하지 않았다. 2026-10-06 그림 재진단: 기존 행·열 및 비선형 격자 그림은 유지하고 ReLU 행 gate, 국소 rank/spectrum, 합성 shape만 새로 보강한다. 모든 자산 정적 렌더·범위 보존·수치53개 재현 확인 완료; HTML 통합 검수 대기. HTML 검수: 104그림 DOM 연결·복합 자산 desktop/mobile·대표 8조건 완료; M03-html-qa.json.","Jacobian의 한 열과 한 행은 각각 어떤 입력 방향과 출력 측정을 뜻하는가? / 입력의 곧은 격자를 비선형함수로 보내면 어떤 곡선 격자가 생기는가? / 한 기준점 주변의 작은 입력 영역은 실제 변환과 Jacobian 아래에서 어떻게 비교되는가? / 기준점과 이동량을 바꾸면 같은 선형근사의 정확도가 어떻게 달라지는가? / ReLU의 양수·음수 pre-activation은 층 weight의 어떤 Jacobian 행을 유지하거나 없애는가? / 같은 길이의 입력 방향 중 어떤 방향은 최대 일차 변화를 만들고 어떤 방향은 상쇄되는가? / 위 두 입력 방향과 단위원의 출력은 왜 한 출력축의 선분으로 모이는가? / 2×2와 1×2 Jacobian을 어떤 순서로 적용해 1×2 합성 Jacobian을 만드는가?"
"M03-12","Hessian","M03","part-1-foundations/M03/M03-12-hessian.md","2945","E2","V2","verified","Hessian의 quadratic curvature, eigen-directions와 saddle·minimum 사례를 비교한다. 본문: 두 변화 방향·Taylor 잔차·임계점 부호 판정·HVP와 좌표변환을 보강했다. 그림은 변경하지 않았다. 2026-10-06 그림 재진단: 주방향 곡률, Taylor 1/2, saddle·zero-Hessian 반례, 평평한 kernel, HVP/scalar 차이와 좌표 배율을 분리한다. 모든 자산 정적 렌더·범위 보존·수치53개 재현 확인 완료; HTML 통합 검수 대기. HTML 검수: 104그림 DOM 연결·복합 자산 desktop/mobile·대표 8조건 완료; M03-html-qa.json.","대칭 Hessian의 직교 주방향과 각 방향의 곡률은 등고선에서 어떻게 구분되는가? / 같은 길이의 두 주방향 이동은 ½λt²의 서로 다른 변화량을 어떻게 만드는가? / 한 임계점에서 서로 다른 두 방향의 상승과 하강이 어떻게 함께 나타나는가? / gradient와 Hessian이 모두 0인 두 함수도 최소와 최대가 다르게 나타날 수 있는가? / 최소제곱 loss의 kernel 방향으로 움직이면 어떤 직선의 loss가 유지되는가? / HVP라는 벡터와 방향별 이차 변화율이라는 scalar는 어떻게 다르게 계산되는가? / x=2z라는 좌표 배율을 바꾸면 같은 함수값과 Hessian 숫자는 각각 어떻게 달라지는가?"
"M03-13","JVP와 VJP","M03","part-1-foundations/M03/M03-13-jvp-vjp.md","2634","E2","V3","verified","JVP와 VJP가 Jacobian의 서로 다른 방향 곱이며 계산 그래프의 전파 방향도 다름을 보여 준다. 본문 검증: 출력 측정의 pullback·합성 곱 순서·seed·행렬 없는 곱 계산을 보충했다. 2026-10-06 그림 재진단: tangent 전진과 covector 역진은 다른 공간의 관계다. 실제 값·shape 및 동일 scalar pairing으로 비교한다. 모든 자산 정적 렌더·범위 보존·수치53개 재현 확인 완료; HTML 통합 검수 대기. HTML 검수: 104그림 DOM 연결·복합 자산 desktop/mobile·대표 8조건 완료; M03-html-qa.json.","2차원 입력 tangent를 3차원 출력 tangent로 보내면 실제 값과 어떤 차이가 있는가? / 3차원 출력 측정을 입력으로 당기면 왜 2차원 측정이 나오며 역함수는 아닌가? / 출력 tangent를 읽는 경로와 입력 tangent를 당겨온 covector로 읽는 경로는 왜 같은 7인가? / 하나의 입력 방향이 합성 Jacobian을 forward 순서로 통과하면 어떤 중간 tangent가 생기는가? / scalar seed 하나가 reverse 순서로 통과하면 어떻게 두 입력 gradient를 함께 얻는가? / 입력 basis seed들은 Jacobian의 열을, 출력 basis seed들은 행을 어떻게 수집하는가?"
"M03-14","자동미분과 역전파","M03","part-1-foundations/M03/M03-14-automatic-differentiation-backpropagation.md","2519","E2","V3","verified","계산 그래프의 local derivative, forward mode와 reverse mode 누적을 단계별로 추적한다. 본문 검증: local differential·parent 편미분·seed·branch 누적·affine 파라미터 기여와 재계산 조건을 보충했다. 2026-10-06 그림 재진단: 같은 분기 그래프의 primal/tangent/cotangent를 실제 값으로 따라가고 수치차분 오차·optimizer 갱신·checkpoint 저장을 분리한다. 모든 자산 정적 렌더·범위 보존·수치53개 재현 확인 완료; HTML 통합 검수 대기. HTML 검수: 104그림 DOM 연결·복합 자산 desktop/mobile·대표 8조건 완료; M03-html-qa.json.","같은 x가 곱셈과 복사 두 경로에 쓰이면 실제 중간값들은 어떻게 합쳐져 loss를 만드는가? / 분기된 두 tangent 기여는 같은 primal 그래프를 따라 어디에서 합쳐지는가? / 역순으로 돌아오는 두 x cotangent는 왜 덮어쓰지 않고 48+16으로 더하는가? / 중앙 수치차분의 간격이 너무 크거나 작으면 서로 다른 오차가 어느 구간에 나타나는가? / 역전파로 gradient를 계산하는 단계와 optimizer로 파라미터를 바꾸는 단계는 어디에서 구분되는가? / 모든 중간값 저장과 일부 저장 후 재계산은 어떤 메모리·계산 경로 차이를 만드는가?"
"M03-15","재매개화와 모델 대칭성 입문","M03","part-1-foundations/M03/M03-15-reparameterization-model-symmetries.md","3106","E2","V3","verified","서로 다른 파라미터가 같은 함수를 나타내는 symmetry orbit과 gauge direction을 보여 준다. 본문 검증: 함수족·orbit 포함 관계·비선형 교환·양수 scaling·곡선 loss의 이차 미분을 여러 절에서 연결하여 E2로 갱신했다. 2026-10-06 그림 재진단: 재매개화와 함수 대칭, hidden/readout 보상, ReLU의 제한된 변환, exact orbit와 tangent의 loss 차이를 구분한다. 모든 자산 정적 렌더·범위 보존·수치53개 재현 확인 완료; HTML 통합 검수 대기. HTML 검수: 104그림 DOM 연결·복합 자산 desktop/mobile·대표 8조건 완료; M03-html-qa.json.","hidden 좌표를 P로 바꾸면서 readout에 P⁻¹를 넣으면 어떤 값이 바뀌고 출력은 왜 같은가? / 가역인 shear도 왜 ReLU와 교환되지 않아 두 경로의 값이 달라지는가? / unit 순서와 readout weight를 함께 바꾸면 왜 scalar 출력 27이 유지되는가? / 양의 scaling은 같은 ReLU hidden의 활성 구간과 크기를 각각 어떻게 바꾸는가? / hidden을 4배 하고 나가는 weight를 1/4배 하면 모든 입력의 출력 곡선은 어떻게 겹치는가? / 정확한 대칭 경로와 같은 일차 tangent의 직선 경로는 왜 비임계점의 이차 loss 변화가 다를 수 있는가? / 기존 파라미터 좌표 한 단위에 대한 loss 변화율은 무엇인가? / 좌표를 두 배율로 재표현하면 같은 loss의 gradient 숫자는 어떻게 바뀌는가?"
"M04-01","사건과 확률","M04","part-1-foundations/M04/M04-01-events-probability.md","2355","E1","V2","verified","순서 기록, 원소와 집합, 질량 배정, 중복, 포함, 등확률, 표본 빈도를 독립 관계로 나누어 시각화한다. 본문 검증: 공리·사건 분할·등확률과 경험적 빈도의 생략된 계산을 국소 보충했다. 그림 검증: HTML 연결·복합 desktop/mobile·대표 네 조건 완료; 본문·문제 보존.","ordered tree; nested event boundaries; proportional probability mass; overlap/complement; monotonic extra mass; equal/unequal masses; observed sequences"
"M04-02","조건부확률과 Bayes 규칙","M04","part-1-foundations/M04/M04-02-conditional-probability-bayes-rule.md","2672","E2","V2","verified","조건의 재정규화, 곱 방향, 가중 경로, Bayes 분모, 독립의 두 범위와 관찰 한계를 독립 질문으로 시각화한다. 본문 검증: 조건집단 재정규화·가중 평균·Bayes와 독립 약분을 여러 절에서 연결했다. 그림 검증: HTML 연결·복합 desktop/mobile·대표 네 조건 완료; 본문·문제 보존.","비례 질량의 필터·재정규화; 동일 질량을 남기는 두 비례 partition; 집단 비율×조건부 비율의 경로 합; 기존 prior→positive 경로→posterior 개념도; 100점 actual 상태 분할·positive 점 집계; 동전 2×2 outcome와 배반 주사위 사건 비교; 세 결합 질량 면적 mosaic; 공통 원인 가능 대안 graph·비인과 association"
"M04-03","확률변수와 확률분포","M04","part-1-foundations/M04/M04-03-random-variables-distributions.md","2574","E2","V2","verified","확률변수 mapping과 관측값은 하나의 자산에 역할을 분리해 담고, 역상/PMF/CDF/PDF와 세 결합분포 계산은 독립 관계로 시각화한다. 본문 검증: 역상·PMF 분할·CDF 구간·PDF 면적·결합 표의 합과 재정규화를 연결했다. 그림 검증: HTML 연결·복합 desktop/mobile·대표 네 조건 완료; 본문·문제 보존.","여러 outcome→한 값의 mapping, 관측 기록; 역상 선택·확률 질량 합; 실제 PMF 수치 그래프; 우연속 CDF 계단·열린/닫힌 끝점; 좌표축의 구간 넓이와 폭0인 점; 행·열 실제 합과 분리된 화살표; 선택 joint 행을 전체1로 재조정; 동일 주변 합의 두 actual joint 비교"
"M04-04","기댓값, 분산과 공분산","M04","part-1-foundations/M04/M04-04-expectation-variance-covariance.md","2798","E2","V3","verified","평균 위치·함수 변환·거리 제곱·이동/배율·편차 정렬/상쇄·중심 곱·벡터 쌍·방향 투영·요약 한계를 독립 질문으로 분리한다. 본문 검증: 모멘트 조건·기댓값 합·공분산 교차항·상관 범위와 방향 분산을 설명했다. 그림 검증: HTML 연결·복합 desktop/mobile·대표 네 조건 완료; 본문·문제 보존.","확률 넓이·실제 값 거리의 균형; many-to-one 변환과 보존한 질량; 실제 거리·제곱 영역·확률 가중; 동일 축에서 분포 세 줄의 위치·간격 비교; 공동 편차 정렬/상쇄·합 PMF 비교; 실제 중심 좌표의 네 weighted-product 영역; 세 discrete outcome와 함수·평균·signed contribution; 한 outcome의 outer-product 행·열 쌍; 실제 유한 joint의 두 단위 방향 투영 PMF; 동일1·2모멘트 다른 support와 PMF"
"M04-05","주요 분포","M04","part-1-foundations/M04/M04-05-common-distributions.md","2600","E2","V3","verified","분포 support·파라미터·기록값·합계·위치/scale·표준화·다변량 등밀도 구조를 질문별로 분리한다. 본문 검증: 분포의 경계·조합·정규 위치/scale·표준화 density·고유좌표의 quadratic을 연결했다. 그림 검증: HTML 연결·복합 desktop/mobile·대표 네 조건 완료; 본문·문제 보존.","동일 support의 세 PMF 패널; 파라미터-분산 곡선; 질량 비율 막대와 one-hot record; 성공 위치의 세 배열; 같은 시행 수의 두 count PMF; 같은 폭의 두 평행이동 밀도; 단위 넓이를 유지한 세 scale 곡선; 원래·표준화 축의 대응구간 밀도; 실제 quadratic-form 등고선과 반축"
"M04-06","표본, 모집단과 표본분포","M04","part-1-foundations/M04/M04-06-samples-populations-sampling-distributions.md","2623","E2","V3","verified","통계 객체·질량의 병합·반복 평균 분포·동일 주변의 의존·독립 표집 단위가 서로 다른 관계여서 질문별 장면을 배치한다. 본문 검증: 전체 iid·경험분산 자유도·의존 공분산 합과 CLT 표준화 대상을 설명했다. 그림 검증: HTML 연결·복합 desktop/mobile·대표 네 조건 완료; 본문·문제 보존.","고정모수→확률표본→관측통계량 세로 과정; 동일주변·다른 joint의 두 확률격자; 중복 기록을 같은 위치 질량으로 병합; 서로 다른 확률대상의 세 PMF 패널; 정확Gaussian 평균의 표본 수별 밀도곡선; 세 표본 수의 정확 이산질량·정규 구간질량 비교; prompt-context 안의 token 계층"
"M04-07","추정, 편향과 분산","M04","part-1-foundations/M04/M04-07-estimation-bias-variance.md","2492","E2","V3","verified","bias·variance의 분리, MSE 교차항의 평균, 중심 fitting·기댓값 교정, shrinkage 손익·일치성은 각각 독립적인 관계여서 장면을 구분한다. 본문 검증: MSE 교차항·분산 n-1·고정 shrinkage·확률 경계와 일치성을 연결했다. 그림 검증: HTML 연결·복합 desktop/mobile·대표 네 조건 완료; 본문·문제 보존.","동일target의 네 sampling-density 패널; 수치축·signed centered error·bias 거리 분해; 관측값의 중심별 제곱편차 곡선; 표본 수별 expected-variance ratio; sampling-density의 이동·contraction; 두 target의 coefficient별 variance/bias²/MSE 곡선; 정확Bernoulli의 tail probability 대비"
"M04-08","회귀와 분류","M04","part-1-foundations/M04/M04-08-regression-classification.md","2824","E2","V3","verified","수치/범주 출력·최소risk·residual·probability 변환·metric 분모·probe 별도경로를 서로 다른 장면에서 추적한다. 본문 검증: risk 평균·조건부 loss 최적화·OLS 정사영·확률모형 약분과 평가 분모를 연결했다. 그림 검증: HTML 연결·복합 desktop/mobile·대표 네 조건 완료; 본문·문제 보존.","유한 모집단·training 표본의 후보곡선 비교; 고정입력의 정확조건부 제곱risk 곡선; 두 class 선택의 조건부error-risk 교점; 실제OLS fit·observed/fitted point·signed residual; sigmoid의 실제축·대응값 가이드; logit이동→공통 지수배율→확률비율 과정; 무차원 residual의 제곱·절댓값 곡선; 같은 confusion matrix의 열·행 선택 비교; activation의 원래모델·probe 분기"
"M04-09","신뢰구간과 bootstrap","M04","part-1-foundations/M04/M04-09-confidence-intervals-bootstrap.md","2923","E2","V3","verified","coverage·표준화확률·관측구간·tail교정·복원추출·replicate요약·pairedjoint·support한계·효과정밀도를분리한다. 본문 검증: 구간 부등식·z/t 분모·bootstrap index/n/B·분위수와 paired 공분산을 설명했다. 그림 검증: HTML 연결·복합 desktop/mobile·대표 네 조건 완료; 본문·문제 보존.","고정모수선과가능한random intervals; 정규중앙확률·양쪽tail넓이; 정확수치축의관측estimate±margin; 전체density·확대한tail두패널; 고정기록→네orderedresample→replicate; 정렬rank축의replicate·분위수band; 관측jointvs조합joint·single-draw difference PMF; 가능population→빠진관측support→empirical resample; 같은center·다른width의interval 비교"
"M04-10","가설검정과 다중비교","M04","part-1-foundations/M04/M04-10-hypothesis-testing-multiple-comparisons.md","2767","E2","V3","verified","귀무분포의 넓이, 기각 규칙, 효과 정밀도, family 오류, 발견 집단 비율, 데이터 선택 흐름은 서로 다른 질문으로 분리한다. 본문 검증: tail·기각 사건·효과/SE·FWER 합집합 상한·FDR 평균과 BH 선택을 연결했다. 그림 검증: HTML 연결·복합 desktop/mobile·대표 네 조건 완료; 본문·문제 보존.","표준정규 귀무분포의 양쪽 tail; 같은 right-tail 규칙의 두 관측 통계량; 귀무·특정 대립 분포와 공통 임계선; 같은 효과 축의 추정값과 서로 다른 SE 구간; 정확한 독립 FWER와 Bonferroni 수준 곡선; 한 실행의 기각 집합과 fraction·indicator; 순위별 threshold와 최대 통과 위치의 두 사례; 독립 데이터와 사전 고정 선택의 흐름"
"M04-11","likelihood와 최대우도추정","M04","part-1-foundations/M04/M04-11-likelihood-maximum-likelihood.md","2565","E2","V3","verified","고정 대상 전환, iid 결합, 최적화 변환, 경계·존재, Gaussian loss 조건, 비식별성을 각 관계에 맞춰 나눈다. 본문 검증: likelihood 조건·최대점 존재·Bernoulli 부호·Gaussian 편미분·NLL 분산을 연결했다. 그림 검증: HTML 연결·복합 desktop/mobile·대표 네 조건 완료; 본문·문제 보존.","고정 Bernoulli PMF와 관측 고정 likelihood의 나란한 축; 네 관측 항에서 곱·로그 합으로 이어지는 수치 흐름; 공통 p=0.75를 표시한 세 목적함수 곡선; 실패·성공 관측에서 반대 경계로 향하는 두 곡선; 실제 Gaussian log-likelihood 파라미터 등고선; 양수 분산 로그 축에서 발산하는 log-likelihood; 상수·양수 배율이 다른 두 loss 곡선; log normalization·scaled residual·총 NLL 곡선; 예측 mass와 class별 loss 기여 막대 비교; μ=a+b의 최대점 ridge와 세 파라미터 점"
"M04-12","entropy와 cross entropy","M04","part-1-foundations/M04/M04-12-entropy-cross-entropy.md","2480","E2","V3","verified","개별 surprisal과 가중 평균, 고정·가변 결과 집합, CE 방향·기준선, soft target, 조건부 sequence, correctness를 분리한다. 본문 검증: surprisal 가중 평균·entropy 0·soft target·token 곱과 PPL 기하평균을 연결했다. 그림 검증: HTML 연결·복합 desktop/mobile·대표 네 조건 완료; 본문·문제 보존.","양수 p 축의 −log p 곡선; 가중치·surprisal·곱 기여의 세 막대 패널; 두 결과의 entropy 곡선과 양 끝·중앙; 정수 K별 log K 값; 각 결과의 가중 log-loss 누적 막대; 모델 mass 축의 CE 곡선과 고정 target entropy; 동일 student 축의 soft·hard target loss 곡선; 실제 conditional token probability를 추적하는 세로 흐름; 같은 정답에 대한 swapped mass 막대"
"M04-13","KL divergence","M04","part-1-foundations/M04/M04-13-kl-divergence.md","2368","E2","V3","verified","signed 평균, 방향·support, 로그 부등식, metric 반례, empirical grouping, 제한 approximation과 output 한계를 분리한다. 본문 검증: log 항 부호·이산/연속 support·부등식 equality·entropy 상한과 empirical NLL을 설명했다. 그림 검증: HTML 연결·복합 desktop/mobile·대표 네 조건 완료; 본문·문제 보존.","mass·signed ratio·두 방향 weighted terms의 네 패널; log epsilon 축의 forward·reverse KL 곡선; uniform density의 null point와 positive mass region 비교; negative log와 supporting line 사이의 차이; 직접 KL과 두 KL 합의 정확한 길이 비교; 네 관측에서 두 empirical outcome weights로 묶는 흐름; 정확한 forward optimum과 유한 격자 reverse candidate; 서로 다른 hidden coordinates에서 같은 score·출력으로 가는 두 흐름"
"M04-14","mutual information","M04","part-1-foundations/M04/M04-14-mutual-information.md","2543","E2","V3","verified","conditional 평균, joint/product, PMI와 MI, entropy 구조, 비선형 의존성, mapping과 processing, 추정 오차를 분리한다. 본문 검증: 조건부 entropy 평균·독립 비교모형·entropy 항등식·mapping/Markov 조건을 연결했다. 그림 검증: HTML 연결·복합 desktop/mobile·대표 네 조건 완료; 본문·문제 보존.","세 probability 막대 패널과 marginal 가중 평균; noisy-copy joint와 marginal product의 두 수치 셀 표; signed PMI와 joint weighted contribution 셀 표; 조건부 entropy·MI를 대응시킨 실제 길이 막대; equiprobable X와 X²의 실제 세 점; 세 input 값과 세 output label의 일대일 대응; 네 input 값이 parity 두 값으로 합쳐지는 대응; 정확한 두 bit-flip 채널과 source MI 세로 흐름; population probability와 두 가능한 count table 비교"
"M04-15","calibration과 scoring rule","M04","part-1-foundations/M04/M04-15-calibration-scoring-rules.md","3146","E2","V3","verified","probability·accuracy·calibration, bin 연산, 조건 정보 강도, expected/realized scores, sharpness와 shift를 구분한다. 본문 검증: calibration 조건·bin 평균·proper/Brier 분해·sharpness와 temperature 대비를 설명했다. 그림 검증: HTML 연결·복합 desktop/mobile·대표 네 조건 완료; 본문·문제 보존.","같은 보고값 아래 열 binary 결과와 집단 평균; 같은 정답률 기준선의 두 confidence 막대; 두 실제 bin 점과 대각선 대응점; signed gap과 절댓값·평균 순서 비교; 두 prediction-vector group의 reported mass와 true frequency; 실제 binary log·Brier expected loss의 두 곡선; unbounded log와 bounded Brier 곡선; constant·stratified·extreme prevalence forecast mass 비교; 고정 logits의 class별 softmax probability 곡선; 고정 reported probability와 subgroup·두 mixture frequency 막대"
"M04-16","상관관계와 인과관계","M04","part-1-foundations/M04/M04-16-correlation-causation.md","2985","E2","V3","verified","관찰·개입 system, 세 causal roles, common-weight adjustment, mediator 고정, collider selection, counterfactual 관측 선택, 배정 PMF와 기능적 use의 서로 다른 관계를 분리한다. 본문 검증: 관찰/개입·adjustment 가중치·mediator/collider·potential outcome과 배정 평균을 연결했다. 그림 검증: HTML 연결·복합 desktop/mobile·대표 네 조건 완료; 본문·문제 보존.","같은 fair-bit 생성식의 두 causal graph와 조건부·개입 확률 비교; 공통원인 fork, 전달 chain, 공통결과 collider의 세 causal graph; treatment별 confounder mass와 관찰·adjusted outcome 평균 막대; M=2X,Y=M에서 total propagation과 do(M=0)의 두 경로; fair-bit joint의 actual four cells와 OR collider selection의 three cells; 가정한 four-unit schedule의 treatment-selected cell과 미관측 dashed cell; 고정 four-unit schedule의 여섯 균등 배정이 만드는 contrast PMF; 두 known toy function의 동일 좌표 제거·복원 경로와 output 비교"
"M04-17","실험 설계와 재현성","M04","part-1-foundations/M04/M04-17-experimental-design-reproducibility.md","3520","E1","V3","verified","실험 설계의 관측 포함 관계·배정 범위·정보 경계·반복 수준·paired calculation·선택 오차·실질적 threshold를 다른 그림으로 분리하고, 단순 재현성 목록은 유지한다. 본문 검증: 하위 관측·block 가중·전처리 fitting·paired SE·선택 오차의 연결을 국소 보충했다. 그림 검증: HTML 연결·복합 desktop/mobile·대표 네 조건 완료; 본문·문제 보존.","세 independent training runs가 각각 포함하는 token-row cluster; target·norm-matched control의 두 task accuracy 변화와 두 constructed patterns; easy·hard별 가능한 balanced assignment와 두 weighted contrast 계산; fit·select·evaluate의 세 결정과 금지된 test feedback 경로; train-only와 train+test의 두 parameter-fitting routes와 held-out z; actual chunk identities의 row-level·document-level split 비교; fixed checkpoint의 세 decoding branches와 세 retrained checkpoints의 outputs; actual four prompt-matched score pairs와 zero/mean 기준의 paired difference 축; discovery data→frozen head/analysis→new confirmation data의 세 단계; known-SD normal mean의 세 actual95% intervals와 두 reference values; 24 equal-effect noisy candidates의 discovery selection과 same-head independent confirmation"
"N05-01","tensor와 계산 그래프","N05","part-2-neural-computation/N05/N05-01-tensors-computation-graphs.md","1953","E1","V3","verified","축 위치·forward 의존·index reduction·local reverse chain·zero derivative의 독립 질문을 분리했다. dtype/device는 공간·계산 관계 추가 없이 기존 설명으로 충분하다. 기존 본문 검증 기록 유지. 본문 단계 근거는 해당 개념별 검증 필드에 보존한다.","indexed axes; forward graph; reduction; reverse local derivatives; connected zero gradient"
"N05-02","하나의 neuron","N05","part-2-neural-computation/N05/N05-02-single-neuron.md","1895","E1","V3","verified","signed contributions, affine offset, ReLU pre/post, loss target merge, gradient targets, same-loss different slope를 독립 질문으로 분리한다. 기존 본문 검증 기록 유지. 본문 단계 근거는 해당 개념별 검증 필드에 보존한다.","number line; affine/ReLU curves; neuron/loss flow; reverse branches; gate comparison"
"N05-03","MLP forward pass","N05","part-2-neural-computation/N05/N05-03-mlp-forward-pass.md","2149","E1","V3","verified","weight 행·batch 행·bias 반복·elementwise 위치·signed readout·행/열 선택·batch gradient의 서로 다른 계산/axis 질문을 나눴다. 기존 본문 검증 기록 유지. 본문 단계 근거는 해당 개념별 검증 필드에 보존한다.","row-to-neuron; shared batch lane; bias broadcast; ReLU cells; signed readout; row/column selection; gradient batch sum"
"N05-04","activation function과 gating","N05","part-2-neural-computation/N05/N05-04-activation-functions-gating.md","1976","E1","V3","verified","affine 단일 직선/구간별 곡선, 함수값/미분, saturation, gate 부호, zero-content 미분, projection/gate 위치를 각 질문으로 나눴다. 기존 본문 검증 기록 유지. 본문 단계 근거는 해당 개념별 검증 필드에 보존한다.","affine/ReLU composition; four activation/slope curves; saturation; GLU/SwiGLU sign; zero content derivatives; shared hidden gate flow"
"N05-05","logits, softmax와 cross entropy","N05","part-2-neural-computation/N05/N05-05-logits-softmax-cross-entropy.md","1855","E1","V3","verified","logit/probability 축·공통 offset·stable 계산·targetloss·signed logit derivative·동일argmax·중복softmax 질문을 분리했다. 기존 본문 검증 기록 유지. 본문 단계 근거는 해당 개념별 검증 필드에 보존한다.","logit/probability bars; offset merge; exp/normalize flow; −log curve; signed gradients; sameargmax distributions; secondsoftmax distribution"
"N05-06","backpropagation","N05","part-2-neural-computation/N05/N05-06-backpropagation.md","2023","E1","V3","verified","forward stored values, sign-sensitive square, reverse local products, leaf-target splits, branch sum/cancellation, optional storage, repeated accumulation을 독립 관계로 나눴다. 기존 본문 검증 기록 유지. 본문 단계 근거는 해당 개념별 검증 필드에 보존한다.","forward/reverse; square tangent; leaf derivatives; add/cancel paths; propagation/storage; accumulation timeline"
"N05-07","gradient descent와 mini-batch","N05","part-2-neural-computation/N05/N05-07-gradient-descent-mini-batch.md","1709","E1","V3","verified","같은평가점의samplegradient, 먼저update한평가점, lossplane실제step, mean/sum길이, prediction/residual, batch draw/expectation의 독립 관계로 나눴다. 기존 본문 검증 기록 유지. 본문 단계 근거는 해당 개념별 검증 필드에 보존한다.","gradient vectors; fixed/sequential evaluation; loss contours; mean/sum step; predictions; uniform sampling expectation"
"N05-08","momentum, AdamW와 optimizer state","N05","part-2-neural-computation/N05/N05-08-momentum-adamw-optimizer-state.md","1977","E1","V3","verified","momentum/currentgradient 방향, historyweights, firststep two-moment correction, missingweight correction, 실제scale의decay zoom, L2/decoupled 경로, 2Pstate대응, sameweight/differentstate를 독립 질문으로 나눴다. 기존 본문 검증 기록 유지. 본문 단계 근거는 해당 개념별 검증 필드에 보존한다.","buffer/current sign; history weight bars; first Adam step; biascorrected coefficient bars; scale-labeled AdamW displacements; L2/AdamW paths; extra state cells; resume-state comparison"
"N05-09","PyTorch tensor, shape와 dtype","N05","part-2-neural-computation/N05/N05-09-pytorch-tensor-shape-dtype.md","1750","E2","V3","verified","축의 수축, broadcasting의 두 방향과 axis 정렬, singleton 삽입과 transpose/reshape의 위치 대응, float32 저장 간격과 cancellation을 독립 질문으로 분리했다. 기존 본문 검증 기록 유지. 본문 단계 근거는 해당 개념별 검증 필드에 보존한다.","feature contraction; row/column offset; trailing-axis alignment; singleton index insertion; transpose/reshape comparison; representable neighbors; cancellation paths"
"N05-10","autograd, JVP와 VJP","N05","part-2-neural-computation/N05/N05-10-autograd-jvp-vjp.md","1887","E1","V3","verified","Jacobian의 index 묶음, 실제 output 경로와 접선, 가중 column의 합, scalar 측정의 미분 경로와 dual pairing, 전체 matrix/product 저장 위치를 분리했다. 기존 본문 검증 기록 유지. 본문 단계 근거는 해당 개념별 검증 필드에 보존한다.","jacobian-indices; jvp-path; jvp-column-sum; vjp-measurement; dual-pairing; materialize-versus-product"
"N05-11","token과 tokenizer","N05","part-2-neural-computation/N05/N05-11-token-tokenizer.md","1525","E2","V3","verified","문자열 조각→ID·position, 반복 ID의 위치 구분, unknown 합류, 실제unknown/padding mask, decode 결합 규칙의 독립 관계를 나눴다. 기존 본문 검증 기록 유지. 본문 단계 근거는 해당 개념별 검증 필드에 보존한다.","text-token-id; repeat-token-position; unknown-merger; unknown-versus-padding; decode-word-join"
"N05-12","embedding과 unembedding","N05","part-2-neural-computation/N05/N05-12-embedding-unembedding.md","1594","E2","V3","verified","row lookup·all-candidate dot product·공유 table의 비역함수성·반복 lookup의 gradient 합·tied/untied 소유권·logit lens branch를 분리했다. 기존 본문 검증 기록 유지. 본문 단계 근거는 해당 개념별 검증 필드에 보존한다.","row-lookup; all-candidate-readout; shared-not-inverse; repeat-row-gradients; tied-gradient-paths; logit-lens-branch"
"N05-13","위치정보와 RoPE","N05","part-2-neural-computation/N05/N05-13-position-information-rope.md","1675","E2","V3","verified","position이 계산에 들어가는 위치, 독립 pair 회전, 실제1rad와.01rad 두회전, 상대dot의사영, 두pair기여합, per-head 부분차원을 분리했다. 기존 본문 검증 기록 유지. 본문 단계 근거는 해당 개념별 검증 필드에 보존한다.","position-paths; independent-pairs; pair-one-rotation; pair-two-small-angle; relative-dot-projection; pair-dot-contributions; partial-head-dimensions"
"N05-14","query, key와 value","N05","part-2-neural-computation/N05/N05-14-query-key-value.md","1550","E2","V3","verified","세 projection의 실제값, weight 재사용과 token axis, query/key score indices, dot과cosine의길이반응, V만바꾼경로, projection/RoPE hook을 나눴다. 기존 본문 검증 기록 유지. 본문 단계 근거는 해당 개념별 검증 필드에 보존한다.","three-projections; shared-weight-rows; score-indices; dot-versus-cosine; value-bypasses-score; rope-hook-locations"
"N05-15","causal scaled dot-product attention","N05","part-2-neural-computation/N05/N05-15-causal-scaled-dot-product-attention.md","2040","E2","V3","verified","이전 pilot-complete 기록 보존; 새 본문 기준으로 재확인 대기. 색칠된 삼각형을 token 관계와 수치 변화에 연결하고 value 혼합을 별도 장면으로 분리했다. 본문 verified: 독립 성분 곱의 분산과 상대 score의 scale을 연결한다. 기존 행/열·자기/과거/미래의 mask 기준을 유지한다. 지수 0과 e^0=1·유한 대체값을 구분한다. 같은 행의 합과 최소 한 허용 key로 분포 조건을 설명한다. convex 가중합·공통 value와 axis 수축을 설명한다. 기준 mask의 불변량과 실제 수치 검산 조건을 구분한다. 파일별 보존·읽기·수식 검사를 확인했다. 필수 그림 계획은 유지하며 그림 검수는 미완료다. 그림 단계: 기존 score→mask→weight→value 세 그림을 유지하며 scale의 집중도·국소 민감도, convex 위치, 동일 value의 출력 붕괴, causal/padding 교집합과 잘못된 mask 순서를 별도 질문으로 보충한다. 제작·정적 검수와 조정자 실제 HTML 검수 완료; 미해결 그림 결함0.","기존 연산 파이프라인/토큰 행렬/계수 혼합 유지; scale weight 비교; binary derivative curve; value triangle; identical values; mask intersection; normalization mass"
"N05-16","MHA, MQA와 GQA","N05","part-2-neural-computation/N05/N05-16-mha-mqa-gqa.md","1621","E1","V3","verified","계산 순서와 tensor shape를 한 흐름으로 연결하면 코드와 수식 독해가 선명해진다. 본문 verified: feature 분할과 axis 교환·query head output의 유지 관계를 설명한다. 공유된 값과 query별 참고 비중을 구분한다. 저장하는 공유 원소의 곱과 추가 복사/계산 비용을 구분한다. 파일별 보존·읽기·수식 검사를 확인했다. 필수 그림 계획은 유지하며 그림 검수는 미완료다. 그림 단계: axis 재배열·head 공유·수치 output·개입 범위·저장량은 서로 다른 시각 질문이므로 6개를 분리했다. 제작·정적 검수와 조정자 실제 HTML 검수 완료; 미해결 그림 결함0.","4개 개념도와 2개 재생성 수치 그래프"
"N05-17","residual stream","N05","part-2-neural-computation/N05/N05-17-residual-stream.md","1593","E1","V3","verified","이전 pilot-complete 기록 보존; 새 본문 기준으로 재확인 대기. 1차 표본 개정 완료: 정의·직관·예시·한계와 본문 연동 SVG를 검증한다. 본문 verified: 원소별 덧셈과 내부 concatenation/폭·최종 projection을 구분한다. 기존 계산 순서와 의존하는 update 분해를 유지한다. skip/branch VJP의 합과 상쇄로 경로·보존을 구분한다. 파일별 보존·읽기·수식 검사를 확인했다. 필수 그림 계획은 유지하며 그림 검수는 미완료다. 그림 단계: 기존 공유 stream 도식 외에 좌표 대응·기하 이동·재계산 의존성·gradient 합/상쇄·관찰과 개입이 각각 필요하다. 제작·정적 검수와 조정자 실제 HTML 검수 완료; 미해결 그림 결함0.","기존 1개 유지 + 개념도 4개와 수치 그래프 2개"
"N05-18","LayerNorm, RMSNorm과 residual 순서","N05","part-2-neural-computation/N05/N05-18-layernorm-rmsnorm-residual-order.md","1627","E2","V3","verified","계산 순서와 tensor shape를 한 흐름으로 연결하면 코드와 수식 독해가 선명해진다. 본문 verified: token별 제곱편차 평균과 learned affine 전후 성질을 설명한다. regularized 분모와 learned scale 전후 제곱평균·norm을 구분한다. 두 연산 순서의 skip 통과와 개입 위치를 구분한다. 파일별 보존·읽기·수식 검사를 확인했다. 필수 그림 계획은 유지하며 그림 검수는 미완료다. 그림 단계: 통계 axis·centering geometry·RMS radius·affine·epsilon·norm 순서·개입을 별도 그림으로 분리한다. 제작·정적 검수와 조정자 실제 HTML 검수 완료; 미해결 그림 결함0.","개념도 2개와 재생성 그래프 6개"
"N05-19","dense MLP, SwiGLU와 expert routing","N05","part-2-neural-computation/N05/N05-19-dense-mlp-swiglu-expert-routing.md","1643","E1","V3","verified","계산 순서와 tensor shape를 한 흐름으로 연결하면 코드와 수식 독해가 선명해진다. 본문 verified: model/hidden 좌표의 두 projection과 token별 공유 계산을 설명한다. 세 weight·feature 곱과 subnetwork 선택의 차이를 연결한다. router의 출력 shape·선택 계수·경계와 고정 index 구간을 설명한다. 파일별 보존·읽기·수식 검사를 확인했다. 필수 그림 계획은 유지하며 그림 검수는 미완료다. 그림 단계: dense 공유·SwiGLU의 feature 곱·MoE의 hard 선택과 probability·저장량의 구분을 분리한다. 제작·정적 검수와 조정자 실제 HTML 검수 완료; 미해결 그림 결함0.","개념도 4개와 수치 그래프 2개"
"N05-20","decoder block과 architecture diff","N05","part-2-neural-computation/N05/N05-20-decoder-block-architecture-diff.md","1584","E1","V3","verified","계산 순서와 tensor shape를 한 흐름으로 연결하면 코드와 수식 독해가 선명해진다. 본문 verified: 각 block과 최종 projection의 의존 순서·표기를 연결한다. 기존 실제 dimension의 shape ledger와 덧셈 조건을 유지한다. branch 의존 관계의 변경과 같은 함수의 실행 통합을 구분한다. 파일별 보존·읽기·수식 검사를 확인했다. 필수 그림 계획은 유지하며 그림 검수는 미완료다. 그림 단계: 전체 decoder·hook 위치·column 의미·serial/parallel 의존·kernel 노출은 별개의 질문이다. 제작·정적 검수와 조정자 실제 HTML 검수 완료; 미해결 그림 결함0.","개념도 5개, portrait 하나와 wide 비교 네 개"
"N05-21","언어모델 목적함수","N05","part-2-neural-computation/N05/N05-21-language-model-objective.md","1440","E2","V3","verified","계산 순서와 tensor shape를 한 흐름으로 연결하면 코드와 수식 독해가 선명해진다. 본문 verified: 조건부 결합 곱에서 위치별 NLL 합을 연결한다. 한 칸 shift와 유효 위치 평균의 기준을 설명한다. 알고 있는 prefix의 병렬 계산과 생성 token의 순차 입력을 구분한다. 파일별 보존·읽기·수식 검사를 확인했다. 필수 그림 계획은 유지하며 그림 검수는 미완료다. 그림 단계: 조건부 경로·label 정렬·valid reduction·prefix 의존의 서로 다른 질문을 시각화한다. 제작·정적 검수와 조정자 실제 HTML 검수 완료; 미해결 그림 결함0.","개념도 4개, 모두 wide 비교"
"N05-22","causal inference와 KV cache","N05","part-2-neural-computation/N05/N05-22-causal-inference-kv-cache.md","1578","E1","V3","verified","계산 순서와 tensor shape를 한 흐름으로 연결하면 코드와 수식 독해가 선명해진다. 본문 verified: 현재 query와 누적 key의 shape·layer별 새 token 경로를 설명한다. 과거의 미래 비의존으로 cache 재사용과 동치 조건을 연결한다. 기존 cache byte 식과 길이/head 배율을 유지한다. 파일별 보존·읽기·수식 검사를 확인했다. 필수 그림 계획은 유지하며 그림 검수는 미완료다. 그림 단계: 기존 causal-effect 흐름도 계획은 이 단원의 inference 뜻과 맞지 않아 제외하고 sequence 축 갱신, 현재 query의 누적 key 비교, layer별 cache, 같은 prefix 비교, 원소 증가를 분리했다. 제작·정적 검수와 조정자 실제 HTML 검수 완료; 미해결 그림 결함0.","cache-sequence-append; query-cached-key-row; full-cached-prefix; layer-specific-cache; cache-growth"
"N05-23","decoding과 생성","N05","part-2-neural-computation/N05/N05-23-decoding-generation.md","1540","E2","V3","verified","계산 순서와 tensor shape를 한 흐름으로 연결하면 코드와 수식 독해가 선명해진다. 본문 verified: 현재 선택과 후속 생성 경로를 분리한다. 확률 비로 순서 유지·집중도와 유한 logit 극한을 설명한다. 기존 수치 예제의 질량으로 후보 절단과 재정규화를 연결한다. 파일별 보존·읽기·수식 검사를 확인했다. 필수 그림 계획은 유지하며 그림 검수는 미완료다. 그림 단계: greedy/sample의 구간 선택, local/global 경로 차이, temperature 집중도·entropy, top-p 최초 crossing, 절단 후 재정규화를 분리한다. 제작·정적 검수와 조정자 실제 HTML 검수 완료; 미해결 그림 결함0.","greedy-sample-interval; local-global-choice; candidate-renormalization; temperature-distributions; temperature-entropy; nucleus-cumulative"
"N05-24","Chain-of-thought의 관찰 지위","N05","part-2-neural-computation/N05/N05-24-chain-of-thought-observation-status.md","1489","E1","V3","verified","계산 순서와 tensor shape를 한 흐름으로 연결하면 코드와 수식 독해가 선명해진다. 본문 verified: 결합확률 분해와 token context의 영향·설명 정확성을 구분한다. 기존 세 평가축의 별도 질문과 정답/faithfulness 구분을 유지한다. 행 좌표·직교성과 inverse transpose의 소거를 계산하고 예제의 범위를 제한한다. 파일별 보존·읽기·수식 검사를 확인했다. 필수 그림 계획은 없으며 본문 검증을 완료했다. 그림 단계: 관찰 token의 조건부 경로와 hidden 좌표 비식별성을 분리하고 두 개입 위치를 비교한다. 제작·정적 검수와 조정자 실제 HTML 검수 완료; 미해결 그림 결함0.","cot-answer-context; two-intervention-sites; matched-unembedding; coordinate-swap"
"N05-25","hook과 activation 수집","N05","part-2-neural-computation/N05/N05-25-hook-activation-collection.md","1573","E1","V3","verified","계산 순서와 tensor shape를 한 흐름으로 연결하면 코드와 수식 독해가 선명해진다. 본문 verified: 기존 forward 이후 callback과 객체별 등록·반복 호출 설명을 유지한다. 세 연산의 대체 불가능성과 관찰 사본/원래 activation의 역할을 연결한다. 호출 순서·입력·local token index를 provenance와 연결한다. 파일별 보존·읽기·수식 검사를 확인했다. 필수 그림 계획은 유지하며 그림 검수는 미완료다. 그림 단계: hook의 output 이후 시점, 최소 token slice, graph/storage 차이, callback 수명, 반복 호출의 local/global position을 독립 관계로 구분했다. 제작·정적 검수와 조정자 실제 HTML 검수 완료; 미해결 그림 결함0.","hook-before-addition; token-slice-storage; detach-clone-storage; hook-lifetime; call-token-provenance"
"N05-26","gradient 수집과 개입 준비","N05","part-2-neural-computation/N05/N05-26-gradient-collection-intervention-preparation.md","1543","E2","V3","verified","계산 순서와 tensor shape를 한 흐름으로 연결하면 코드와 수식 독해가 선명해진다. 본문 verified: 출력 가중치와 activation gradient의 선형 결합을 연결한다. graph에 연결된 원본의 gradient 보존과 좌표별 일차 변화 합을 설명한다. 같은 위치·target의 downstream 재계산과 유한 제거의 근사 한계를 연결한다. 파일별 보존·읽기·수식 검사를 확인했다. 필수 그림 계획은 유지하며 그림 검수는 미완료다. 그림 단계: scalar cotangent 조합, gradient 계산/보존/사본의 구분, 성분 상쇄, 사본과 live replacement, finite 제거 오차를 각각 보여 준다. 제작·정적 검수와 조정자 실제 HTML 검수 완료; 미해결 그림 결함0.","target-gradient-combination; gradient-retention-graph; record-versus-replacement; component-cancellation; finite-zero-ablation"
"N05-27","checkpoint와 모델 상태","N05","part-2-neural-computation/N05/N05-27-checkpoint-model-state.md","1602","E1","V3","verified","계산 순서와 tensor shape를 한 흐름으로 연결하면 코드와 수식 독해가 선명해진다. 본문 verified: 12 tensor/300 scalar와 이름-값 연결·깊은 복사의 저장 시점을 설명한다. moment·step·scheduler·data/RNG state를 다음 계산의 의존 관계로 연결한다. 동일 architecture/config/mode 조건과 key 검사/출력 비교의 범위를 구분한다. 파일별 보존·읽기·수식 검사를 확인했다. 필수 그림 계획은 유지하며 그림 검수는 미완료다. 그림 단계: model/optimizer state 포함관계, tensor/scalar 수량, 선택step 사본, 다음update 독립 의존입력, key/forward 검사를 분리했다. 제작·정적 검수와 조정자 실제 HTML 검수 완료; 미해결 그림 결함0.","state-dictionaries; tensor-scalar-inventory; step-snapshot; resume-dependencies; load-checks"
"N05-28","종합 실습: 한 token의 경로","N05","part-2-neural-computation/N05/N05-28-one-token-path.md","1997","E2","V3","verified","계산 순서와 tensor shape를 한 흐름으로 연결하면 코드와 수식 독해가 선명해진다. 본문 verified: Norm 입력과 residual 기준을 구분하고 위치별 attention 경로를 잇는다. 동일 크기의 다른 축과 masked score 원소를 구분한다. 두 update를 stream 차이로 검산하고 hook 위치를 구분한다. 고정 logit의 연속 변수 미분과 token 선택·교체의 차이를 설명한다. 동일 prefix·position 조건과 cache 재현성 검사의 범위를 명시한다. 관찰/민감도/개입/학습 시점의 증거와 이번 실행의 실제 측정을 구분한다. 기존 architecture 차이와 다시 지정할 관찰 위치의 경계를 유지한다. 파일별 보존·읽기·수식 검사를 확인했다. 필수 그림 계획은 없으며 본문 검증을 완료했다. 그림 단계: 종합 경로를 prefix/두branch baseline/축의미/차이검산/고정target/cache이어붙이기 6개의 독립 질문으로 나누고 기존부품그림 반복은 피했다. 제작·정적 검수와 조정자 실제 HTML 검수 완료; 미해결 그림 결함0.","selected-prefix-attention; two-residual-baselines; axis-meaning-comparison; residual-difference-checks; fixed-logit-gradient; cache-stitched-logits"
